epoch,optimizer_updates,processed_trajectories,sampled_windows,rollout_steps_per_window,mean_training_relative_l2_per_trajectory_step,sampled_start_min,sampled_start_max,sampled_unique_start_count,learning_rate_used,learning_rate_next_epoch,epoch_seconds,mean_epoch_seconds_this_process,estimated_remaining_seconds,cuda_peak_allocated_bytes,cuda_peak_reserved_bytes
1,63,1000,1000,20,0.5883155637741089,0,435,386,0.001,0.001,231.50389389973134,231.50517129991204,34494.27052368689,1043421184,1201668096
2,126,1000,1000,20,0.2939055717468262,0,435,398,0.001,0.001,246.19302690029144,238.8619808999356,35351.57317319047,1043421184,1201668096
3,189,1000,1000,20,0.2080654598236084,0,435,397,0.001,0.001,245.91627740021795,241.22105436663455,35459.49499189528,1043421184,1201668096
4,252,1000,1000,20,0.167046910572052,0,435,383,0.001,0.001,227.90171930007637,237.8965999999782,34732.90359999682,1043421184,1201668096
5,315,1000,1000,20,0.1375669807434082,0,433,385,0.001,0.001,222.1639099996537,234.75373104000465,34039.29100080067,1043421184,1201668096
6,378,1000,1000,20,0.12171570329666137,1,435,389,0.001,0.001,222.0806629001163,232.644815899975,33500.8534895964,1043421184,1201668096
7,441,1000,1000,20,0.11105551462173462,0,434,390,0.001,0.001,221.93071859981865,231.11667511432566,33049.68454134857,1043421184,1201668096
8,504,1000,1000,20,0.10585858826637268,1,435,387,0.001,0.001,221.94733619969338,229.97428279998712,32656.34815759817,1043421184,1201668096
9,567,1000,1000,20,0.09647466955184937,0,435,395,0.001,0.001,221.3526850999333,229.02047083335412,32291.88638750293,1043421184,1201668096
10,630,1000,1000,20,0.09348990869522095,0,435,380,0.001,0.001,221.61431559966877,228.28206120003014,31959.48856800422,1043421184,1201668096
11,693,1000,1000,20,0.08388595232963562,0,434,384,0.001,0.001,221.18725269986317,227.7515009090897,31657.45862636347,1043421184,1201668096
12,756,1000,1000,20,0.08438272595405578,0,435,391,0.001,0.001,221.779504599981,227.2554081416844,31361.24632355245,1043421184,1201668096
13,819,1000,1000,20,0.08123440446853637,0,435,389,0.001,0.001,221.70419290009886,226.83008257693683,31075.721313040347,1043421184,1201668096
14,882,1000,1000,20,0.07777426652908326,1,435,394,0.001,0.001,221.10337649984285,226.42281879285085,30793.503355827714,1043421184,1201668096
15,945,1000,1000,20,0.07844413676261902,0,435,390,0.001,0.001,221.39076479990035,226.08888976667077,30522.000118500553,1043421184,1201668096
16,1008,1000,1000,20,0.08083629932403565,0,435,387,0.001,0.001,186.18165099993348,223.59616208125954,29961.885718888778,1043421184,1201668096
17,1071,1000,1000,20,0.06989307723045349,0,435,395,0.001,0.001,126.07449709996581,217.86100408823833,28975.5135437357,1043421184,1201668096
18,1134,1000,1000,20,0.06752839045524597,0,435,389,0.001,0.001,128.1538054998964,212.87841987221813,28099.951423132792,1043421184,1201668096
19,1197,1000,1000,20,0.06824894762039184,0,435,388,0.001,0.001,131.95339019969106,208.6201333789596,27329.23747264371,1043421184,1201668096
20,1260,1000,1000,20,0.0660068395614624,0,435,396,0.001,0.001,126.89347669994459,204.53568016500213,26589.638421450276,1043421184,1201668096
21,1323,1000,1000,20,0.0670980803012848,0,435,386,0.001,0.001,132.2848244998604,156.1011427999474,20137.047421193216,1049434112,1193279488
22,1386,1000,1000,20,0.06398734073638916,0,435,378,0.001,0.001,129.92771270032972,143.0255383499898,18307.268908798695,1049434112,1193279488
23,1449,1000,1000,20,0.06623963613510132,0,435,379,0.001,0.001,133.28108159964904,139.78528606658801,17752.731330456678,1049466880,1193279488
24,1512,1000,1000,20,0.059899423408508304,0,435,396,0.001,0.001,123.67156020039693,135.7622565999627,17106.0443315953,1049466880,1193279488
25,1575,1000,1000,20,0.05781846809387207,0,435,394,0.001,0.001,125.20274550002068,133.65486952001228,16706.858690001536,1049466880,1193279488
26,1638,1000,1000,20,0.05824150905609131,1,435,395,0.001,0.001,125.59901419980451,132.31659626665837,16407.25793706564,1049466880,1193279488
27,1701,1000,1000,20,0.05669076614379883,0,435,402,0.001,0.001,125.54139439994469,131.3527208856706,16156.384668937484,1049466880,1193279488
28,1764,1000,1000,20,0.063553626871109,0,434,388,0.001,0.001,127.34198929974809,130.85422888747416,15964.215924271848,1049466880,1193279488
29,1827,1000,1000,20,0.057942219448089596,0,435,396,0.001,0.001,132.4416283001192,131.03326545552247,15855.025120118218,1049466880,1193279488
30,1890,1000,1000,20,0.056446890401840207,0,435,405,0.001,0.001,122.27669500000775,130.15982743999922,15619.179292799907,1049466880,1193279488
31,1953,1000,1000,20,0.0595600688457489,1,435,384,0.001,0.001,124.89521729992703,129.79138837272131,15445.175216353837,1049466880,1193279488
32,2016,1000,1000,20,0.05683586411476135,0,435,391,0.001,0.001,120.37000049976632,129.00831436664643,15222.981095264278,1049466880,1193279488
33,2079,1000,1000,20,0.054310557842254636,1,435,394,0.001,0.001,124.98854759987444,128.70097292307764,15058.013832000084,1049466880,1193279488
34,2142,1000,1000,20,0.054171409797668456,0,435,386,0.001,0.001,126.31170840002596,128.5322273214281,14909.73836928566,1049466880,1193279488
35,2205,1000,1000,20,0.052580607914924624,0,435,389,0.001,0.001,126.04505739966407,128.36820080000908,14762.343092001043,1049466880,1193279488
36,2268,1000,1000,20,0.049769386672973634,0,435,398,0.001,0.001,125.12425049999729,128.16716659374651,14611.056991687103,1049466880,1193279488
37,2331,1000,1000,20,0.049887638902664184,0,435,387,0.001,0.001,128.81487879995257,128.2069428529426,14487.384542382515,1049466880,1193279488
38,2394,1000,1000,20,0.049680953741073605,0,435,395,0.001,0.001,124.48453220026568,128.00175537220719,14336.196601687205,1049466880,1193279488
39,2457,1000,1000,20,0.047546451544761656,0,435,397,0.001,0.001,130.2430333001539,128.12121822631084,14221.455223120503,1049466880,1193279488
40,2520,1000,1000,20,0.04666727101802826,0,435,394,0.001,0.001,128.36848379997537,128.13507139498833,14094.857853448717,1049466880,1193279488
41,2583,1000,1000,20,0.04425599522590637,0,435,395,0.001,0.001,122.6048181001097,127.92349449046222,13943.660899460381,1049466880,1193279488
42,2646,1000,1000,20,0.043929546785354615,0,435,387,0.001,0.001,121.95381990028545,127.65422324999236,13786.656110999174,1049466880,1193279488
43,2709,1000,1000,20,0.0439344997882843,0,435,387,0.001,0.001,126.79485830012709,127.61828846087599,13655.156865313731,1049466880,1193279488
44,2772,1000,1000,20,0.04372147467136383,0,435,390,0.001,0.001,124.98829079978168,127.50988765833124,13516.048091783112,1049466880,1193279488
45,2835,1000,1000,20,0.04413090786933899,0,435,388,0.001,0.001,121.58108169957995,127.27388169199229,13363.75757765919,1049466880,1193279488
46,2898,1000,1000,20,0.04365596613883972,1,435,387,0.001,0.001,123.1928213997744,127.11788926538654,13220.2604836002,1049466880,1193279488
47,2961,1000,1000,20,0.0437828777551651,0,435,400,0.001,0.001,121.12209879979491,126.89704571110714,13070.395708244036,1049466880,1193279488
48,3024,1000,1000,20,0.04432638642787933,0,434,389,0.001,0.001,125.0112296002917,126.83074068570775,12936.73554994219,1049466880,1193279488
49,3087,1000,1000,20,0.04480256414413452,0,434,390,0.001,0.001,125.17453469987959,126.77477728620428,12804.252505906632,1049466880,1193279488
50,3150,1000,1000,20,0.04046428985595703,1,435,396,0.001,0.001,127.22867370024323,126.79101091333044,12679.101091333045,1049466880,1193279488
51,3213,1000,1000,20,0.042795172309875486,0,435,395,0.001,0.001,130.21083750016987,126.93960533870924,12567.020928532214,1049466880,1193279488
52,3276,1000,1000,20,0.049339280557632446,0,435,390,0.001,0.001,126.42031410010532,126.92449195937661,12438.600212018908,1049466880,1193279488
53,3339,1000,1000,20,0.04397901821136475,0,435,400,0.001,0.001,126.1208234000951,126.9017125727242,12309.466119554247,1049466880,1193279488
54,3402,1000,1000,20,0.047771830415725705,1,435,385,0.001,0.001,127.22938929963857,126.91238678528873,12183.589131387718,1049466880,1193279488
55,3465,1000,1000,20,0.04207831144332886,0,434,390,0.001,0.001,121.10185250034556,126.74742436571313,12041.005314742748,1049466880,1193279488
56,3528,1000,1000,20,0.03935927934646606,0,435,382,0.001,0.001,124.01440540002659,126.67244326944153,11907.209667327505,1049466880,1193279488
57,3591,1000,1000,20,0.03785764193534851,0,435,387,0.001,0.001,122.43469489971176,126.55872984054322,11769.96187517052,1049466880,1193279488
58,3654,1000,1000,20,0.04008696990013123,0,434,391,0.001,0.001,122.43963479995728,126.45124328157276,11633.514381904693,1049466880,1193279488
59,3717,1000,1000,20,0.041751842284202575,0,435,396,0.001,0.001,122.98943049972877,126.36335875897501,11499.065647066725,1049466880,1193279488
60,3780,1000,1000,20,0.03656212613582611,0,435,388,0.001,0.001,123.22470230003819,126.28573718999978,11365.71634709998,1049466880,1193279488
61,3843,1000,1000,20,0.0380817289352417,0,435,390,0.001,0.001,123.54946140013635,126.24801002682482,11236.072892387409,1049466880,1193279488
62,3906,1000,1000,20,0.03624229526519775,0,435,404,0.001,0.001,122.82608949998394,126.16734942618669,11102.726749504429,1049466880,1193279488
63,3969,1000,1000,20,0.039279701256752016,0,435,401,0.001,0.001,122.76990700000897,126.08923105115808,10969.763101450753,1049466880,1193279488
64,4032,1000,1000,20,0.041374809813499454,0,435,383,0.001,0.001,121.8399530001916,125.99339517045088,10835.431984658775,1049466880,1193279488
65,4095,1000,1000,20,0.03806157677173615,0,435,390,0.001,0.001,125.076414400246,125.97376072221539,10707.769661388307,1049466880,1193279488
66,4158,1000,1000,20,0.03747307319641113,0,435,393,0.001,0.001,121.6408947003074,125.88027749130624,10573.943309269725,1049466880,1193279488
67,4221,1000,1000,20,0.035508860993385315,0,434,382,0.001,0.001,120.62688510026783,125.76926826170467,10438.849265721487,1049466880,1193279488
68,4284,1000,1000,20,0.0358026061296463,0,435,392,0.001,0.001,120.81246849987656,125.6667516187493,10304.673632737442,1049466880,1193279488
69,4347,1000,1000,20,0.03741202220916748,0,435,393,0.001,0.001,133.5336117995903,125.8283492224481,10192.096287018296,1049466880,1193279488
70,4410,1000,1000,20,0.03800144064426422,0,435,396,0.001,0.001,119.45811929972842,125.70172511000186,10056.13800880015,1049466880,1193279488
71,4473,1000,1000,20,0.042927459478378296,0,435,395,0.001,0.001,121.43129030009732,125.65369938627141,9926.64225151544,1049466880,1193279488
72,4536,1000,1000,20,0.037098677158355714,1,435,394,0.001,0.001,122.27280579973012,125.58945886345688,9795.977791349636,1049466880,1193279488
73,4599,1000,1000,20,0.0345843433380127,0,435,397,0.001,0.001,127.41642219992355,125.62467173962274,9673.09972395095,1049466880,1193279488
74,4662,1000,1000,20,0.035304970502853396,0,435,377,0.001,0.001,122.33035490009934,125.56440568703262,9542.894832214479,1049466880,1193279488
75,4725,1000,1000,20,0.03524055607318878,0,435,402,0.001,0.001,122.25403100019321,125.5048705436374,9412.865290772805,1049466880,1193279488
76,4788,1000,1000,20,0.04019173355102539,0,435,400,0.001,0.001,122.74475480010733,125.4563161946384,9283.767398403243,1049466880,1193279488
77,4851,1000,1000,20,0.04169377360343933,1,435,381,0.001,0.001,122.46406099991873,125.40447750877132,9154.526858140307,1049466880,1193279488
78,4914,1000,1000,20,0.04013347268104553,0,435,394,0.001,0.001,122.58990140026435,125.35661955517395,9025.676607972524,1049466880,1193279488
79,4977,1000,1000,20,0.032699236273765565,0,435,388,0.001,0.001,128.1380277997814,125.4043888220311,8903.711606364208,1049466880,1193279488
80,5040,1000,1000,20,0.033806724905967714,0,435,387,0.001,0.001,124.91362169990316,125.39687197166495,8777.781038016547,1049466880,1193279488
81,5103,1000,1000,20,0.032515818428993225,0,435,390,0.001,0.001,123.05333230039105,125.37814945573385,8651.092312445635,1049466880,1193279488
82,5166,1000,1000,20,0.03248086247444153,0,435,394,0.001,0.001,123.0100642000325,125.34057343386925,8523.15899350311,1049466880,1193279488
83,5229,1000,1000,20,0.03624737570285797,0,435,394,0.001,0.001,127.01040909998119,125.36770876666294,8399.636487366417,1049466880,1193279488
84,5292,1000,1000,20,0.03430573265552521,2,435,382,0.001,0.001,123.27436249982566,125.33592810625123,8272.171255012581,1049466880,1193279488
85,5355,1000,1000,20,0.03834492259025574,0,435,398,0.001,0.001,128.68607070017606,125.38810546461207,8150.226855199784,1049466880,1193279488
86,5418,1000,1000,20,0.03452598111629486,0,435,402,0.001,0.001,122.4778932002373,125.34464863030183,8022.057512339317,1049466880,1193279488
87,5481,1000,1000,20,0.03292108702659607,0,435,397,0.001,0.001,122.14065059972927,125.29751961492697,7893.743735740399,1049466880,1193279488
88,5544,1000,1000,20,0.032179585480690005,1,435,390,0.001,0.001,125.32552829990163,125.29857375146821,7768.511572591029,1049466880,1193279488
89,5607,1000,1000,20,0.03335405476093292,0,435,391,0.001,0.001,127.24292450025678,125.32741828985593,7644.972515681212,1049466880,1193279488
90,5670,1000,1000,20,0.030786107087135316,0,435,395,0.001,0.001,122.3785002999939,125.2859507214278,7517.157043285668,1049466880,1193279488
91,5733,1000,1000,20,0.03864454298019409,0,435,397,0.001,0.001,123.55733500001952,125.2790208690157,7391.462231271926,1049466880,1193279488
92,5796,1000,1000,20,0.039972754049301146,0,435,386,0.001,0.001,124.19981659995392,125.26464180555195,7265.349224722013,1049466880,1193279488
93,5859,1000,1000,20,0.03275286729335785,0,435,391,0.001,0.001,123.81729480018839,125.24538493013546,7138.986941017721,1049466880,1193279488
94,5922,1000,1000,20,0.03140029730796814,0,435,389,0.001,0.001,124.2126724999398,125.23203383377954,7012.9938946916545,1049466880,1193279488
95,5985,1000,1000,20,0.0321978789806366,0,435,389,0.001,0.001,124.14296710025519,125.2181213853322,6886.996676193271,1049466880,1193279488
96,6048,1000,1000,20,0.03102637584209442,0,435,396,0.001,0.001,124.01012430014089,125.20278525000168,6760.950403500091,1049466880,1193279488
97,6111,1000,1000,20,0.035311776471138,0,435,388,0.001,0.001,124.2523480001837,125.19105725454214,6635.126034490733,1049466880,1193279488
98,6174,1000,1000,20,0.0336883407831192,0,435,390,0.001,0.001,123.26346770022064,125.16691483461705,6508.679571400086,1049466880,1193279488
99,6237,1000,1000,20,0.03113879129886627,0,435,390,0.001,0.001,127.42861420009285,125.19613716582167,6385.002995456905,1049466880,1193279488
100,6300,1000,1000,20,0.031840551710128784,0,435,392,0.001,0.0005,120.7675816998817,125.14135029374738,6257.067514687369,1049466880,1193279488
101,6363,1000,1000,20,0.026898462748527526,0,435,388,0.0005,0.0005,123.17755480017513,125.13186240740649,6131.461257962917,1049466880,1193279488
102,6426,1000,1000,20,0.024710321021080017,0,435,400,0.0005,0.0005,124.15887329960242,125.12057989146334,6005.787834790241,1049466880,1193279488
103,6489,1000,1000,20,0.024623312830924986,0,435,387,0.0005,0.0005,120.20437719998881,125.06192293373239,5877.910377885422,1049466880,1193279488
104,6552,1000,1000,20,0.024407987844944,0,435,395,0.0005,0.0005,121.98304610000923,125.0258226369042,5751.187841297593,1049466880,1193279488
105,6615,1000,1000,20,0.023549596214294432,0,435,386,0.0005,0.0005,123.20375039987266,125.00493570235284,5625.222106605877,1049466880,1193279488
106,6678,1000,1000,20,0.02429466519355774,1,435,392,0.0005,0.0005,121.95931400032714,124.97003921395341,5498.6817254139505,1049466880,1193279488
107,6741,1000,1000,20,0.02501218433380127,0,435,395,0.0005,0.0005,122.3919469001703,124.94094007471362,5372.460423212686,1049466880,1193279488
108,6804,1000,1000,20,0.0254914427280426,0,435,386,0.0005,0.0005,122.66524149989709,124.91561000113671,5246.455620047742,1049466880,1193279488
109,6867,1000,1000,20,0.024582831513881683,0,435,394,0.0005,0.0005,127.15427300008014,124.9417454516829,5122.611563518999,1049466880,1193279488
110,6930,1000,1000,20,0.02332602183818817,0,435,401,0.0005,0.0005,121.7334180995822,124.90664924555458,4996.265969822183,1049466880,1193279488
111,6993,1000,1000,20,0.023189304780960082,0,435,400,0.0005,0.0005,122.26087020011619,124.8897599857147,4870.700639442874,1049466880,1193279488
112,7056,1000,1000,20,0.025707049584388734,0,435,395,0.0005,0.0005,127.10571420006454,124.91435910869673,4746.7456461304755,1049466880,1193279488
113,7119,1000,1000,20,0.025876991653442382,0,434,395,0.0005,0.0005,123.26816550036892,124.8973395290324,4621.201562574199,1049466880,1193279488
114,7182,1000,1000,20,0.022429167532920836,0,435,387,0.0005,0.0005,121.68867410020903,124.86370918829925,4495.093530778773,1049466880,1193279488
115,7245,1000,1000,20,0.024287909841537475,0,435,390,0.0005,0.0005,125.43464789958671,124.87023426947233,4370.458199431531,1049466880,1193279488
116,7308,1000,1000,20,0.02284288684129715,0,435,389,0.0005,0.0005,123.10475170006976,124.85256906562427,4244.987348231225,1049466880,1193279488
117,7371,1000,1000,20,0.02319727929830551,0,434,396,0.0005,0.0005,124.98668710002676,124.85450548350273,4120.19868095559,1049466880,1193279488
118,7434,1000,1000,20,0.022793025088310243,0,435,398,0.0005,0.0005,122.7930759000592,124.83400843571397,3994.688269942847,1049466880,1193279488
119,7497,1000,1000,20,0.02334764904975891,0,435,392,0.0005,0.0005,122.40604780009016,124.81000332525376,3869.1101030828668,1049466880,1193279488
120,7560,1000,1000,20,0.022935967063903807,1,435,398,0.0005,0.0005,122.77667320007458,124.79019831399899,3743.7059494199693,1049466880,1193279488
121,7623,1000,1000,20,0.023302792501449586,0,435,396,0.0005,0.0005,127.27333959983662,124.82684141485076,3619.978401030672,1049466880,1193279488
122,7686,1000,1000,20,0.023429628837108613,0,434,394,0.0005,0.0005,124.76189270010218,124.82677559509837,3495.149716662754,1049466880,1193279488
123,7749,1000,1000,20,0.0224128742814064,0,435,393,0.0005,0.0005,128.3064906001091,124.8610847689329,3371.2492887611884,1049466880,1193279488
124,7812,1000,1000,20,0.022359727597236635,0,435,387,0.0005,0.0005,124.08567639999092,124.85414368653885,3246.20773585001,1049466880,1193279488
125,7875,1000,1000,20,0.02271373792886734,0,435,393,0.0005,0.0005,121.41869839979336,124.82193477333391,3120.5483693333476,1049466880,1193279488
126,7938,1000,1000,20,0.022745255839824677,0,435,391,0.0005,0.0005,126.0021190000698,124.83358567452744,2996.0060561886585,1049466880,1193279488
127,8001,1000,1000,20,0.022548725247383116,0,435,390,0.0005,0.0005,120.28803100017831,124.79156663551248,2870.206032616787,1049466880,1193279488
128,8064,1000,1000,20,0.02249924774169922,0,433,398,0.0005,0.0005,123.81153069995344,124.78299841944438,2745.225965227776,1049466880,1193279488
129,8127,1000,1000,20,0.023135317158699036,0,435,394,0.0005,0.0005,130.46882340032607,124.83567559449514,2621.549187484398,1049466880,1193279488
130,8190,1000,1000,20,0.02416979959011078,0,435,402,0.0005,0.0005,122.91098150005564,124.81864840090698,2496.3729680181395,1049466880,1193279488
131,8253,1000,1000,20,0.02504812762737274,0,435,383,0.0005,0.0005,123.74445939995348,124.82091431171206,2371.597371922529,1049466880,1193279488
132,8316,1000,1000,20,0.022494003677368164,0,435,400,0.0005,0.0005,122.62817450007424,124.80182313214338,2246.432816378581,1049466880,1193279488
133,8379,1000,1000,20,0.02406252121925354,1,435,390,0.0005,0.0005,120.41154740005732,124.76348832920111,2120.9793015964187,1049466880,1193279488
134,8442,1000,1000,20,0.022197925877571106,0,435,392,0.0005,0.0005,122.81273909984156,124.74700386754417,1995.9520618807067,1049466880,1193279488
135,8505,1000,1000,20,0.023014661478996275,0,435,387,0.0005,0.0005,124.22313169995323,124.74294224608609,1871.1441336912912,1049466880,1193279488
136,8568,1000,1000,20,0.023596518921852112,1,435,392,0.0005,0.0005,121.02703090012074,124.71141225172222,1745.9597715241111,1049466880,1193279488
137,8631,1000,1000,20,0.02228678843975067,0,435,404,0.0005,0.0005,127.09597909962758,124.73229145128121,1621.5197888666557,1049466880,1193279488
138,8694,1000,1000,20,0.024683185935020446,0,435,395,0.0005,0.0005,122.96296139992774,124.71776729999742,1496.613207599969,1049466880,1193279488
139,8757,1000,1000,20,0.022022629976272582,0,435,393,0.0005,0.0005,121.28040379984304,124.68937605629996,1371.5831366192997,1049466880,1193279488
140,8820,1000,1000,20,0.022221383035182955,0,435,390,0.0005,0.0005,123.5630361000076,124.68051383166652,1246.805138316665,1049466880,1193279488
141,8883,1000,1000,20,0.02224921990633011,0,435,392,0.0005,0.0005,127.64417409989983,124.71417032396575,1122.4275329156917,1049466880,1193279488
142,8946,1000,1000,20,0.025682616329193116,0,435,394,0.0005,0.0005,125.99172729998827,124.7253444565567,997.8027556524536,1049466880,1193279488
143,9009,1000,1000,20,0.02268926627635956,0,435,384,0.0005,0.0005,125.86165169999003,124.73529380406593,873.1470566284615,1049466880,1193279488
144,9072,1000,1000,20,0.022376467537879943,0,435,391,0.0005,0.0005,125.06476540025324,124.73854129354756,748.4312477612854,1049466880,1193279488
145,9135,1000,1000,20,0.022794213604927064,0,434,404,0.0005,0.0005,121.30428280029446,124.71155324880034,623.5577662440018,1049466880,1193279488
146,9198,1000,1000,20,0.02158932124376297,0,435,396,0.0005,0.0005,122.7120555001311,124.69611844920465,498.7844737968186,1049466880,1193279488
147,9261,1000,1000,20,0.0238071888923645,0,435,403,0.0005,0.0005,125.12952970014885,124.70003394960742,374.10010184882225,1049466880,1193279488
148,9324,1000,1000,20,0.023525231170654297,0,435,397,0.0005,0.0005,124.1487229000777,124.69617087187362,249.39234174374724,1049466880,1193279488
149,9387,1000,1000,20,0.022847040402889252,0,435,388,0.0005,0.0005,126.81813130015507,124.71315202945772,124.71315202945772,1049466880,1193279488
150,9450,1000,1000,20,0.021599572920799254,0,434,386,0.0005,0.0005,128.21221840009093,124.74053941461473,0.0,1049466880,1193279488
