seed,phase,epoch,training_metric,validation_derivative_normalized_mse,validation_derivative_q21_global_relative_l2,validation_lead_1_full_relative_l2,validation_lead_1_q21_relative_l2
20260820,derivative,1,0.45869827551841735,0.348017494312604,0.5615989025235485,,
20260820,derivative,2,0.24702285323143006,0.2725488680489507,0.49699028672471446,,
20260820,derivative,3,0.18670469119548797,0.24377992782770888,0.4700290334522136,,
20260820,derivative,4,0.15626953033208846,0.22886295115681424,0.45542142422344517,,
20260820,derivative,5,0.13701141996383667,0.21999612278203132,0.4465120904423773,,
20260820,derivative,6,0.1227547646164894,0.2145120720435516,0.4409116586123283,,
20260820,derivative,7,0.11110350295901299,0.20787785611438447,0.4340400707617439,,
20260820,derivative,8,0.10168560528755188,0.20469951219555516,0.43070916821072547,,
20260820,derivative,9,0.09425699815750122,0.20225565811862178,0.4281303840995209,,
20260820,derivative,10,0.08796887754797936,0.20155242674909096,0.4273854468183364,,
20260820,derivative,11,0.08259178751707077,0.20024968358386833,0.42600199759970053,,
20260820,derivative,12,0.07820593512058258,0.19904157169820974,0.42471500698038256,,
20260820,derivative,13,0.074627288210392,0.19853013650856155,0.4241690095037849,,
20260820,derivative,14,0.07168838077783585,0.19867754487326603,0.4243264489671635,,
20260820,derivative,15,0.06940251719355583,0.19846047752076992,0.42409458634512903,,
20260820,derivative,16,0.06769888931512832,0.19853710100514582,0.4241764439767088,,
20260820,derivative,17,0.06639588505029678,0.19822116335901227,0.42383881017843344,,
20260820,derivative,18,0.0655091493487358,0.19844406324031297,0.4240770463140367,,
20260820,derivative_checkpoint,0,,,,0.028101369745563716,0.7436763560771942
20260820,short_free_rollout,1,0.08937921534990892,,,0.02646855531958863,0.6381179237365723
20260820,short_free_rollout,2,0.07615995828062296,,,0.026482301286887378,0.6395423993468284
20260820,lead_1_truncated_rollout_stage_1,1,0.1896225996435775,,,0.02618761397432536,0.6120572465658188
20260820,lead_1_truncated_rollout_stage_2,1,0.1740130056941416,,,0.026085179725196212,0.6018787187337875
20260821,derivative,1,0.4467448310375214,0.3297731814772705,0.5466802410348367,,
20260821,derivative,2,0.2406034650325775,0.27936204597051256,0.5031638293053117,,
20260821,derivative,3,0.19089383561611176,0.251016448096736,0.4769543370519283,,
20260821,derivative,4,0.16040610324144364,0.2368701499568997,0.46331981983702714,,
20260821,derivative,5,0.1399533696293831,0.22455652088295028,0.45111632615075875,,
20260821,derivative,6,0.12475261396169662,0.21680406683211914,0.4432609005883415,,
20260821,derivative,7,0.11322798377275467,0.21241640574236226,0.4387526349755267,,
20260821,derivative,8,0.10344343633651733,0.2077484712324731,0.4339049760817231,,
20260821,derivative,9,0.09577797683477401,0.20565479990921448,0.431713011786715,,
20260821,derivative,10,0.08919394828677177,0.2028736066900019,0.42878391804764643,,
20260821,derivative,11,0.08355548532605171,0.20250619063070918,0.428395462894886,,
20260821,derivative,12,0.07904918504357338,0.20155124638621055,0.42738419303090475,,
20260821,derivative,13,0.07535120952129364,0.20068513827765128,0.42646492496078675,,
20260821,derivative,14,0.07240122403502464,0.20027629242211697,0.4260302949799419,,
20260821,derivative,15,0.07004067393541336,0.19980347586822608,0.42552710793528614,,
20260821,derivative,16,0.06824436684846878,0.19991898527488228,0.42565009102702195,,
20260821,derivative,17,0.06690741931200027,0.20010871214473444,0.4258520173016335,,
20260821,derivative,18,0.06599015145301819,0.19987984770091133,0.4256084254988189,,
20260821,derivative_checkpoint,0,,,,0.028121658875606956,0.7429275098443031
20260821,short_free_rollout,1,0.09188282549381256,,,0.026517257343512027,0.6370385491847992
20260821,short_free_rollout,2,0.07810903241857886,,,0.026449103883933275,0.633277183175087
20260821,lead_1_truncated_rollout_stage_1,1,0.18730512046255166,,,0.026164041662123053,0.6081136792898179
20260821,lead_1_truncated_rollout_stage_2,1,0.17258536966207122,,,0.02606634542811662,0.5981469857692718
20260822,derivative,1,0.4832427032470703,0.3391165002687048,0.5543705759281273,,
20260822,derivative,2,0.24496064693927766,0.2732592290893663,0.4976375373260871,,
20260822,derivative,3,0.1887335147023201,0.2470883447691158,0.47320773952284256,,
20260822,derivative,4,0.15793983927965163,0.2320315434191725,0.45856323006154615,,
20260822,derivative,5,0.13811598278284073,0.21892109040189825,0.4454197953352196,,
20260822,derivative,6,0.12236648448705673,0.21364763885727733,0.4400223767880439,,
20260822,derivative,7,0.11111630268096924,0.20987480330739344,0.4361198587550933,,
20260822,derivative,8,0.10193497712016106,0.2060230898027803,0.4320993949271966,,
20260822,derivative,9,0.09436309865713119,0.20348188387323898,0.4294262487302397,,
20260822,derivative,10,0.08784923262596131,0.20285907026442873,0.4287685512867183,,
20260822,derivative,11,0.08255568675994873,0.2000681987878197,0.4258089074872764,,
20260822,derivative,12,0.07821527318954467,0.1992274898882315,0.42491331670137383,,
20260822,derivative,13,0.07459059973955154,0.19957831640997029,0.42528727533187627,,
20260822,derivative,14,0.07167567147016525,0.1993449180687021,0.4250385266027615,,
20260822,derivative,15,0.06943491529226303,0.19896393785215333,0.42463217217630117,,
20260822,derivative,16,0.06767402161955834,0.19919797670412664,0.4248818425196123,,
20260822,derivative,17,0.06636673146486283,0.19935296209451916,0.4250470996963625,,
20260822,derivative,18,0.06547708278894425,0.1996486079172755,0.4253621601209958,,
20260822,derivative_checkpoint,0,,,,0.028259099891874938,0.7615101137757301
20260822,short_free_rollout,1,0.09368430264294147,,,0.026752275612670927,0.6672839541733265
20260822,short_free_rollout,2,0.07957076642662286,,,0.026619856923352926,0.6568271127343178
20260822,lead_1_truncated_rollout_stage_1,1,0.19437220362325514,,,0.02632176473736763,0.628436078876257
20260822,lead_1_truncated_rollout_stage_2,1,0.17954959084900715,,,0.026216258860658856,0.6177086244523525
