epoch,optimizer_updates,processed_trajectories,optimizer_batches,micro_batch_size,effective_batch_size,accumulation_steps,step_relative_l2_sum_mean_per_trajectory,full_spacetime_relative_l2_mean_per_trajectory,learning_rate,epoch_seconds,mean_epoch_seconds_this_process,estimated_remaining_seconds,cuda_peak_allocated_bytes,cuda_peak_reserved_bytes
1,50,1000,50,20,20,1,1.3477818946838378,0.33782581448554994,0.001,14.491860999725759,14.492716200184077,7231.438638863154,761111040,805306368
2,100,1000,50,20,20,1,0.684807731628418,0.1721082320213318,0.001,13.920967699959874,14.209011249942705,6932.641914580017,761111040,805306368
3,150,1000,50,20,20,1,0.5157637748718261,0.13017393660545348,0.001,13.629348100163043,14.016772133298218,6773.786005781032,761111040,805306368
4,200,1000,50,20,20,1,0.4221100172996521,0.1066858640909195,0.001,13.842093399725854,13.973769000032917,6865.678326264024,761111040,805306368
5,250,1000,50,20,20,1,0.354650981426239,0.08963454353809357,0.001,13.661714399699122,13.912221200019122,6762.548627851065,761111040,805306368
6,300,1000,50,20,20,1,0.3452573719024658,0.08749369430541992,0.001,13.88772669993341,13.908723749996474,6860.536989767104,761111040,805306368
7,350,1000,50,20,20,1,0.3071410574913025,0.0778185557126999,0.001,13.91876590019092,13.911102057168526,6861.951588794123,761111040,805306368
8,400,1000,50,20,20,1,0.25241141295433045,0.06379123198986053,0.001,13.633473299909383,13.877030162489973,6707.6688635554165,761111040,805306368
9,450,1000,50,20,20,1,0.2290178005695343,0.05792459535598755,0.001,13.703314499929547,13.858644333357612,6728.327419465408,761111040,805306368
10,500,1000,50,20,20,1,0.21109700870513917,0.05339894211292267,0.001,13.596299400087446,13.832962370011955,6662.1867060428485,761111040,805306368
11,550,1000,50,20,20,1,0.20712676978111266,0.05248797816038132,0.001,13.957014600280672,13.944070045455275,6824.980139537249,761111040,805306368
12,600,1000,50,20,20,1,0.2024215934276581,0.051326166450977324,0.001,13.722675600089133,13.926076241652481,6696.665692843497,761111040,805306368
13,650,1000,50,20,20,1,0.18379119634628296,0.046591862380504605,0.001,13.995884800329804,13.931894938461483,6815.995897760615,761111040,805306368
14,700,1000,50,20,20,1,0.1847571053504944,0.046877330601215364,0.001,13.956776199862361,13.934003607137129,6782.993233133107,761111040,805306368
15,750,1000,50,20,20,1,0.17755325746536255,0.04506765627861023,0.001,14.011384800076485,13.939515826664865,6795.521628037095,761111040,805306368
16,800,1000,50,20,20,1,0.18313164234161378,0.04656341135501862,0.001,13.944024899974465,13.94007693749154,6748.908051587641,761111040,805306368
17,850,1000,50,20,20,1,0.19582555222511291,0.04986707085371017,0.001,13.485097500029951,13.913617205888253,6513.3020925144665,761111040,805306368
18,900,1000,50,20,20,1,0.24757694363594054,0.06319760704040528,0.001,13.68413870036602,13.90115322221795,6595.754853576422,761111040,805306368
19,950,1000,50,20,20,1,0.22696765613555908,0.05787952589988708,0.001,13.971219200175256,13.905150957895737,6720.156435284298,761111040,805306368
20,1000,1000,50,20,20,1,0.2113232753276825,0.05384906637668609,0.001,14.092881300020963,13.914747949992307,6764.583024010062,761111040,805306368
21,1050,1000,50,20,20,1,0.20985908722877503,0.05348636740446091,0.001,13.762589399702847,13.966946404759906,6592.280322457664,761111040,805306368
22,1100,1000,50,20,20,1,0.19789109444618225,0.050419616162776945,0.001,13.831176400184631,13.961648909099909,6611.302319288254,761111040,805306368
23,1150,1000,50,20,20,1,0.19454175257682801,0.049567410588264464,0.001,14.137675900012255,13.970236295651969,6743.6714043058455,761111040,805306368
24,1200,1000,50,20,20,1,0.1924361205101013,0.04903355157375336,0.001,14.114614400081336,13.977130391673805,6718.556454438716,761111040,805306368
25,1250,1000,50,20,20,1,0.1833284685611725,0.04668981498479843,0.001,14.25143750011921,13.98890235600993,6769.432812556624,761111040,805306368
26,1300,1000,50,20,20,1,0.15316328883171082,0.038942962884902954,0.001,13.924022600054741,13.98715498461388,6599.986712425947,761111040,805306368
27,1350,1000,50,20,20,1,0.13816430115699768,0.03512143278121948,0.001,13.948076199740171,13.986417266660956,6597.440042477101,761111040,805306368
28,1400,1000,50,20,20,1,0.13793943119049074,0.03508250904083252,0.001,14.231822399888188,13.99594698929494,6717.420172747225,761111040,805306368
29,1450,1000,50,20,20,1,0.14804049587249757,0.03768990260362625,0.001,13.89290739968419,13.99306440345365,6543.559385251254,761111040,805306368
30,1500,1000,50,20,20,1,0.16843840098381044,0.042923939406871794,0.001,13.78487309999764,13.986773476672049,6478.890356998891,761111040,805306368
31,1550,1000,50,20,20,1,0.1362295422554016,0.03467141228914261,0.001,13.727357299998403,14.010629383877161,6438.130573699251,761111040,805306368
32,1600,1000,50,20,20,1,0.13708655667304992,0.03488938194513321,0.001,14.086084899958223,14.013138256254024,6592.287733180448,761111040,805306368
33,1650,1000,50,20,20,1,0.13064511346817018,0.033251177847385405,0.001,14.35112759983167,14.023532566670893,6701.97658912139,761111040,805306368
34,1700,1000,50,20,20,1,0.12882108628749847,0.03281117233633995,0.001,13.556063199881464,14.009930891176577,6317.125451144762,761111040,805306368
35,1750,1000,50,20,20,1,0.1606633279323578,0.040990243792533874,0.001,13.73922389978543,14.002301191432135,6388.739113400225,761111040,805306368
36,1800,1000,50,20,20,1,0.19420149278640747,0.04959039479494095,0.001,14.137435600161552,14.006157663896577,6559.77011847496,761111040,805306368
37,1850,1000,50,20,20,1,0.159588316321373,0.040698524475097655,0.001,14.05141230020672,14.007510794590956,6505.803894995712,761111040,805306368
38,1900,1000,50,20,20,1,0.1836514377593994,0.0468919979929924,0.001,13.741574699990451,14.000630521056193,6348.6075113955885,761111040,805306368
39,1950,1000,50,20,20,1,0.1553921854496002,0.039638759851455686,0.001,13.725811500102282,13.993724679490791,6327.599101547152,761111040,805306368
40,2000,1000,50,20,20,1,0.18006308579444885,0.0459526281952858,0.001,13.936391700059175,13.99241111499723,6410.740182027221,761111040,805306368
41,2050,1000,50,20,20,1,0.17315120601654052,0.044174496591091156,0.001,14.36515050008893,14.031287263420115,6593.604079540819,761111040,805306368
42,2100,1000,50,20,20,1,0.17065499711036683,0.04353379821777344,0.001,14.074649199843407,14.032422640482851,6446.18933352828,761111040,805306368
43,2150,1000,50,20,20,1,0.1358680876493454,0.0346363585293293,0.001,13.755419299937785,14.026101325584445,6286.226620071568,761111040,805306368
44,2200,1000,50,20,20,1,0.14380494892597198,0.036678742736577986,0.001,13.934173800051212,14.024105104543692,6353.983252823353,761111040,805306368
45,2250,1000,50,20,20,1,0.16763946104049682,0.04277105265855789,0.001,13.988262900151312,14.023449046671804,6364.659619568847,761111040,805306368
46,2300,1000,50,20,20,1,0.14358148980140686,0.036600431978702545,0.001,14.209521300159395,14.02761295434776,6451.122670272365,761111040,805306368
47,2350,1000,50,20,20,1,0.16912855172157287,0.043148362696170804,0.001,13.995385499671102,14.027035580848919,6339.909631351009,761111040,805306368
48,2400,1000,50,20,20,1,0.15101307439804076,0.03851610082387924,0.001,14.019359999801964,14.026993531248687,6336.7507199104875,761111040,805306368
49,2450,1000,50,20,20,1,0.11793707644939423,0.0300495865046978,0.001,14.116162300109863,14.028936532658658,6366.389197349548,761111040,805306368
50,2500,1000,50,20,20,1,0.15974081885814667,0.0407560288310051,0.001,14.119418899994344,14.03087247800082,6353.738504997455,761111040,805306368
51,2550,1000,50,20,20,1,0.14318386483192444,0.03651950639486313,0.001,13.98274749983102,14.053604682350494,6278.253627424128,761111040,805306368
52,2600,1000,50,20,20,1,0.15903388142585753,0.04056964522600174,0.001,13.890899299643934,14.05055784038268,6223.122886240482,761111040,805306368
53,2650,1000,50,20,20,1,0.13488109159469605,0.034398439019918445,0.001,14.141893999651074,14.052785039624586,6321.42661784403,761111040,805306368
54,2700,1000,50,20,20,1,0.11877047455310821,0.03028648191690445,0.001,14.247366599738598,14.056438185188368,6354.325503483415,761111040,805306368
55,2750,1000,50,20,20,1,0.1467991931438446,0.03744526094198227,0.001,13.365879700053483,14.043975740002299,5947.8164665238,761111040,805306368
56,2800,1000,50,20,20,1,0.1506908507347107,0.03845379674434662,0.001,13.253599300049245,14.029983555357571,5884.598089221865,761111040,805306368
57,2850,1000,50,20,20,1,0.1464376027584076,0.037377121925354,0.001,12.55747690005228,14.004215192981064,5562.96226672316,761111040,805306368
58,2900,1000,50,20,20,1,0.15561980032920839,0.03970634061098099,0.001,12.645242699887604,13.980832662072096,5589.197273350321,761111040,805306368
59,2950,1000,50,20,20,1,0.12737136840820312,0.032478492707014084,0.001,12.719328000210226,13.959499196607178,5609.2236480927095,761111040,805306368
60,3000,1000,50,20,20,1,0.157102032661438,0.04008807939291,0.001,12.431645400356501,13.934073718334549,5469.923976156861,761111040,805306368
61,3050,1000,50,20,20,1,0.15502004766464234,0.039560951590538025,0.001,12.610994599759579,13.928518709833504,5536.226629294455,761111040,805306368
62,3100,1000,50,20,20,1,0.1281808716058731,0.032683322995901105,0.001,12.709956199862063,13.90895226451328,5566.960815539584,761111040,805306368
63,3150,1000,50,20,20,1,0.1537974488735199,0.03924016416072845,0.001,12.68603610014543,13.889614579363888,5543.797775763553,761111040,805306368
64,3200,1000,50,20,20,1,0.140349893450737,0.03578492194414139,0.001,12.446921799797565,13.867152801562042,5426.857904711738,761111040,805306368
65,3250,1000,50,20,20,1,0.12965742325782775,0.03308836436271668,0.001,12.47833769954741,13.845847144615478,5428.076899303123,761111040,805306368
66,3300,1000,50,20,20,1,0.11175034475326538,0.028515023291110993,0.001,12.54388799984008,13.82619117273046,5444.047391930595,761111040,805306368
67,3350,1000,50,20,20,1,0.13271947813034057,0.03387860989570618,0.001,12.665426000021398,13.808944223879545,5484.129458009265,761111040,805306368
68,3400,1000,50,20,20,1,0.12481642925739288,0.031850357353687284,0.001,12.707272599916905,13.793119213235673,5489.541763164103,761111040,805306368
69,3450,1000,50,20,20,1,0.13492324829101562,0.03443292737007141,0.001,12.685945100151002,13.777265069567585,5467.642338165082,761111040,805306368
70,3500,1000,50,20,20,1,0.12330650675296784,0.03146301060914993,0.001,12.527785299811512,13.75945441714222,5386.94767891895,761111040,805306368
71,3550,1000,50,20,20,1,0.11085531449317933,0.028289127200841903,0.001,12.576609500218183,13.759750145074294,5395.3654755936,761111040,805306368
72,3600,1000,50,20,20,1,0.11545365703105927,0.029455347806215285,0.001,12.741024000104517,13.746116219444149,5453.158272044733,761111040,805306368
73,3650,1000,50,20,20,1,0.15667969942092896,0.03998071324825287,0.001,12.621138100046664,13.731227724659831,5389.225968719926,761111040,805306368
74,3700,1000,50,20,20,1,0.14294903588294983,0.036470567733049394,0.001,12.42919489974156,13.713915912163872,5294.837027289905,761111040,805306368
75,3750,1000,50,20,20,1,0.12982953882217407,0.033130432814359664,0.001,12.403164099901915,13.696714570665112,5271.344742458314,761111040,805306368
76,3800,1000,50,20,20,1,0.11880250859260559,0.030336156100034713,0.001,12.712897600140423,13.684052264477176,5390.268582459539,761111040,805306368
77,3850,1000,50,20,20,1,0.11618427062034607,0.0296716548204422,0.001,12.873725000303239,13.673800194805318,5445.58567512827,761111040,805306368
78,3900,1000,50,20,20,1,0.10910233581066131,0.027850466907024383,0.001,12.500330199953169,13.659021170511364,5275.139344380237,761111040,805306368
79,3950,1000,50,20,20,1,0.14500757777690887,0.03700563484430313,0.001,12.437234399840236,13.643826281015254,5236.075682332739,761111040,805306368
80,4000,1000,50,20,20,1,0.1503270001411438,0.03837445676326752,0.001,12.214427800383419,13.626219148753444,5130.059676161036,761111040,805306368
81,4050,1000,50,20,20,1,0.14510168409347535,0.037025549441576,0.001,12.717895499896258,13.627748293825137,5328.798214456532,761111040,805306368
82,4100,1000,50,20,20,1,0.13930746471881866,0.03555915075540542,0.001,12.839873000048101,13.618208743904422,5367.066914020106,761111040,805306368
83,4150,1000,50,20,20,1,0.14425403559207917,0.036799959659576414,0.001,12.53308829991147,13.605217283131577,5226.297821063083,761111040,805306368
84,4200,1000,50,20,20,1,0.10717236423492432,0.027347795248031617,0.001,12.453336500097066,13.591556628572842,5180.5879840403795,761111040,805306368
85,4250,1000,50,20,20,1,0.12946139204502105,0.03306532356142998,0.001,12.546591800171882,13.579293376470313,5206.835597071331,761111040,805306368
86,4300,1000,50,20,20,1,0.148436137676239,0.037870206594467166,0.001,12.536749499849975,13.567225604653792,5190.21429293789,761111040,805306368
87,4350,1000,50,20,20,1,0.14623869919776916,0.03730208134651184,0.001,12.90087280003354,13.55961651149495,5328.060466413852,761111040,805306368
88,4400,1000,50,20,20,1,0.14476651406288146,0.036938809871673584,0.001,12.630593900103122,13.549090239774985,5203.804686842486,761111040,805306368
89,4450,1000,50,20,20,1,0.1416964590549469,0.03614083099365235,0.001,13.012576699722558,13.543119288766443,5348.169023585971,761111040,805306368
90,4500,1000,50,20,20,1,0.12343168783187866,0.03150275331735611,0.001,14.140897300094366,13.549823808887352,5797.76789303869,761111040,805306368
91,4550,1000,50,20,20,1,0.10115526843070984,0.02582704496383667,0.001,14.16655860003084,13.569070686811356,5794.122467412613,761111040,805306368
92,4600,1000,50,20,20,1,0.10465740084648133,0.02672235035896301,0.001,14.137723800260574,13.575298769566555,5768.191310506314,761111040,805306368
93,4650,1000,50,20,20,1,0.13171978080272675,0.03363520875573158,0.001,14.01924500009045,13.580134045162428,5705.832715036813,761111040,805306368
94,4700,1000,50,20,20,1,0.13992295300960542,0.03569813594222069,0.001,14.190449699759483,13.58667305957506,5761.32257810235,761111040,805306368
95,4750,1000,50,20,20,1,0.14212576603889465,0.03626707673072815,0.001,14.356306799687445,13.59483398105459,5814.304253873415,761111040,805306368
96,4800,1000,50,20,20,1,0.13200966918468476,0.03369084057211876,0.001,14.030253699980676,13.599407407290224,5668.222494792193,761111040,805306368
97,4850,1000,50,20,20,1,0.13809802162647247,0.0352230224609375,0.001,13.954127700068057,13.60309103608477,5623.513463127427,761111040,805306368
98,4900,1000,50,20,20,1,0.09948619520664215,0.02540862998366356,0.001,14.027857400011271,13.607475192856272,5639.198674804531,761111040,805306368
99,4950,1000,50,20,20,1,0.10144408369064331,0.025910385876893996,0.001,14.29845150001347,13.614507490910139,5733.679051505402,761111040,805306368
100,5000,1000,50,20,20,1,0.12192614126205445,0.031119414150714873,0.0005,14.339370899833739,13.621800259002484,5735.7483599334955,761111040,805306368
101,5050,1000,50,20,20,1,0.09517712247371674,0.024280362904071807,0.0005,14.158878799993545,13.63887691782271,5649.392641197424,761111040,805306368
102,5100,1000,50,20,20,1,0.08389991724491119,0.021418985515832902,0.0005,14.013652499765158,13.642754694118219,5577.433694906533,761111040,805306368
103,5150,1000,50,20,20,1,0.08960517346858979,0.022874947518110277,0.0005,14.202781500294805,13.648339752428848,5638.504255617037,761111040,805306368
104,5200,1000,50,20,20,1,0.08347191405296325,0.02131384015083313,0.0005,14.085237700026482,13.65276294038631,5577.754129210487,761111040,805306368
105,5250,1000,50,20,20,1,0.09370981466770172,0.02391309642791748,0.0005,14.071185099892318,13.656947080950651,5558.118114457466,761111040,805306368
106,5300,1000,50,20,20,1,0.0904930840730667,0.02309363332390785,0.0005,13.895293999928981,13.659387052832347,5474.7458359720185,761111040,805306368
107,5350,1000,50,20,20,1,0.08741585540771485,0.022320432662963866,0.0005,14.110792300198227,13.66379320093596,5545.541373977903,761111040,805306368
108,5400,1000,50,20,20,1,0.08520123147964477,0.021764018028974534,0.0005,14.306609800085425,13.66993143240904,5608.191041633487,761111040,805306368
109,5450,1000,50,20,20,1,0.08868401670455933,0.02265961340069771,0.0005,13.860602700151503,13.671705877066616,5419.495655759238,761111040,805306368
110,5500,1000,50,20,20,1,0.09021682035923004,0.023035095125436784,0.0005,12.465764800086617,13.66076418545351,4861.648272033781,761111040,805306368
111,5550,1000,50,20,20,1,0.0869106651544571,0.02221686798334122,0.0005,13.84871569974348,13.675393295495326,5387.1504072002135,761111040,805306368
112,5600,1000,50,20,20,1,0.08895964467525483,0.022723145484924316,0.0005,14.260572100058198,13.680954496430266,5533.101974822581,761111040,805306368
113,5650,1000,50,20,20,1,0.09278530728816986,0.02369712409377098,0.0005,14.24754050001502,13.686311721241315,5513.798173505813,761111040,805306368
114,5700,1000,50,20,20,1,0.09523450684547424,0.024326141446828844,0.0005,13.915776200126857,13.688352617545446,5371.489613248967,761111040,805306368
115,5750,1000,50,20,20,1,0.08810732054710388,0.022510370075702668,0.0005,14.26980509981513,13.693743022608206,5493.874963428825,761111040,805306368
116,5800,1000,50,20,20,1,0.09264450585842132,0.02366386404633522,0.0005,14.383232499938458,13.699870914654356,5523.161279976368,761111040,805306368
117,5850,1000,50,20,20,1,0.09141403794288636,0.02335292473435402,0.0005,14.143027499783784,13.703689229061716,5416.779532417189,761111040,805306368
118,5900,1000,50,20,20,1,0.09504510927200317,0.024257719486951827,0.0005,13.925081400200725,13.705747072032448,5319.381094876677,761111040,805306368
119,5950,1000,50,20,20,1,0.0881347736120224,0.022515754342079163,0.0005,13.886602899990976,13.707437647060498,5290.795704896562,761111040,805306368
120,6000,1000,50,20,20,1,0.0881080949306488,0.0225035237967968,0.0005,14.206233399920166,13.711783279998539,5398.368691969663,761111040,805306368
121,6050,1000,50,20,20,1,0.08133987510204316,0.02078834071755409,0.0005,14.121007299982011,13.724238896696281,5351.861766693182,761111040,805306368
122,6100,1000,50,20,20,1,0.08335171496868134,0.021302179515361785,0.0005,14.103043999988586,13.727389012295447,5330.950631995685,761111040,805306368
123,6150,1000,50,20,20,1,0.09523809909820556,0.02434174183011055,0.0005,13.924322300124913,13.729039315448514,5249.469507147092,761111040,805306368
124,6200,1000,50,20,20,1,0.09489274418354035,0.02423239666223526,0.0005,13.88739740010351,13.73035256370842,5221.6614224389195,761111040,805306368
125,6250,1000,50,20,20,1,0.09601692497730255,0.024546616464853288,0.0005,14.154044899623841,13.733781224802136,5307.76683735894,761111040,805306368
126,6300,1000,50,20,20,1,0.08744416737556457,0.02234484812617302,0.0005,13.822448899969459,13.734532491270718,5169.5958885885775,761111040,805306368
127,6350,1000,50,20,20,1,0.09152632594108581,0.023384010434150695,0.0005,13.633588699623942,13.733783885825602,5085.3285849597305,761111040,805306368
128,6400,1000,50,20,20,1,0.08929674410820007,0.022815654218196868,0.0005,13.620460700243711,13.732935526564688,5066.811380490661,761111040,805306368
129,6450,1000,50,20,20,1,0.07950774395465851,0.020327602595090866,0.0005,13.634592699818313,13.73221074961227,5058.433891632594,761111040,805306368
130,6500,1000,50,20,20,1,0.09504159963130951,0.024289208322763444,0.0005,14.211866700090468,13.735927666154188,5258.390679033473,761111040,805306368
131,6550,1000,50,20,20,1,0.09549477696418762,0.024414936274290085,0.0005,12.65322110010311,13.736008063360394,4669.038585938048,761111040,805306368
132,6600,1000,50,20,20,1,0.0802673271894455,0.020515466570854186,0.0005,13.88290539989248,13.737160866667347,5108.909187160432,761111040,805306368
133,6650,1000,50,20,20,1,0.09129139482975006,0.023327731162309646,0.0005,14.15177149977535,13.740303268421552,5193.7001404175535,761111040,805306368
134,6700,1000,50,20,20,1,0.09363836538791656,0.02393783885240555,0.0005,14.33466019993648,13.744788969404745,5246.485633176751,761111040,805306368
135,6750,1000,50,20,20,1,0.09572407341003418,0.024455039262771608,0.0005,13.865963899996132,13.745729531851355,5061.076823498588,761111040,805306368
136,6800,1000,50,20,20,1,0.0865906822681427,0.02212429463863373,0.0005,13.682868799660355,13.745298841913396,4980.564243076369,761111040,805306368
137,6850,1000,50,20,20,1,0.08010441946983338,0.020482141613960267,0.0005,14.3169996002689,13.749486920437402,5197.070854897611,761111040,805306368
138,6900,1000,50,20,20,1,0.0910357050895691,0.02327515435218811,0.0005,14.354718000162393,13.753895212319152,5196.407916058786,761111040,805306368
139,6950,1000,50,20,20,1,0.09140152764320374,0.023353073716163634,0.0005,13.990287799853832,13.755631466188447,5050.493895747233,761111040,805306368
140,7000,1000,50,20,20,1,0.08308374643325805,0.02124298134446144,0.0005,13.951345699839294,13.757069842856643,5022.484451942146,761111040,805306368
141,7050,1000,50,20,20,1,0.09120012140274047,0.02331477665901184,0.0005,14.212943100370467,13.768281360285634,5102.446573032998,761111040,805306368
142,7100,1000,50,20,20,1,0.08780522227287292,0.022454137951135635,0.0005,14.276051199994981,13.771993929579278,5110.826329598203,761111040,805306368
143,7150,1000,50,20,20,1,0.09415014386177063,0.024071392089128493,0.0005,14.213231899775565,13.775214568532716,5074.123788219877,761111040,805306368
144,7200,1000,50,20,20,1,0.09112277519702912,0.023291414052248,0.0005,14.190051699988544,13.778229762499299,5051.658405195922,761111040,805306368
145,7250,1000,50,20,20,1,0.08331061124801636,0.02129817792773247,0.0005,13.878664399962872,13.778948037242838,4926.92586198682,761111040,805306368
146,7300,1000,50,20,20,1,0.08490490841865539,0.02170299169421196,0.0005,14.394839100074023,13.783294471918465,5095.773041426204,761111040,805306368
147,7350,1000,50,20,20,1,0.0838508380651474,0.0214437230527401,0.0005,14.11240809969604,13.785675461223462,4981.680059192702,761111040,805306368
148,7400,1000,50,20,20,1,0.08372176921367645,0.0214136957526207,0.0005,13.851103999651968,13.786251278380183,4875.588607877493,761111040,805306368
149,7450,1000,50,20,20,1,0.09222411704063416,0.02358023601770401,0.0005,13.91640939982608,13.787263294631902,4884.659699338954,761111040,805306368
150,7500,1000,50,20,20,1,0.08032177460193635,0.020543617129325866,0.0005,14.286535900086164,13.790726286666468,5000.287565030158,761111040,805306368
151,7550,1000,50,20,20,1,0.07800934791564941,0.019950625270605087,0.0005,14.230641900096089,13.801755888079176,4966.494023133535,761111040,805306368
152,7600,1000,50,20,20,1,0.07802626025676727,0.019964082419872284,0.0005,12.961545000318438,13.79625032828986,4510.617660110816,761111040,805306368
153,7650,1000,50,20,20,1,0.0946743642091751,0.02420151698589325,0.0005,13.579312600195408,13.794847065360694,4712.0214722678065,761111040,805306368
154,7700,1000,50,20,20,1,0.09132825565338135,0.023373334884643555,0.0005,13.919908099807799,13.795686446103062,4816.288202533498,761111040,805306368
155,7750,1000,50,20,20,1,0.0976849707365036,0.024983204543590546,0.0005,14.303447399754077,13.799000708386302,4934.689352915157,761111040,805306368
156,7800,1000,50,20,20,1,0.09316337370872498,0.02382014322280884,0.0005,13.73020019987598,13.798599621152672,4723.188868757337,761111040,805306368
157,7850,1000,50,20,20,1,0.09114617216587066,0.02330769896507263,0.0005,13.911950800102204,13.79933650191031,4771.799124435056,761111040,805306368
158,7900,1000,50,20,20,1,0.08941144621372223,0.022868420213460923,0.0005,13.91210210043937,13.800077956328995,4757.938918350264,761111040,805306368
159,7950,1000,50,20,20,1,0.09234800672531128,0.023615700006484986,0.0005,14.163269499782473,13.802389916981447,4829.674899425823,761111040,805306368
160,8000,1000,50,20,20,1,0.08790233480930329,0.022476742684841157,0.0005,14.009792800061405,13.803713113124832,4763.329552020878,761111040,805306368
161,8050,1000,50,20,20,1,0.09072325432300568,0.02320544081926346,0.0005,13.437238399870694,13.80745017204885,4555.223817556165,761111040,805306368
162,8100,1000,50,20,20,1,0.07801922380924226,0.01996958112716675,0.0005,14.15419050026685,13.809623622838522,4784.116389090195,761111040,805306368
163,8150,1000,50,20,20,1,0.08164126551151275,0.02089199137687683,0.0005,14.538892600219697,13.814129445399015,4899.606806274038,761111040,805306368
164,8200,1000,50,20,20,1,0.08303731679916382,0.021238974899053572,0.0005,14.112793100066483,13.815982154269543,4741.898481622338,761111040,805306368
165,8250,1000,50,20,20,1,0.09193988251686096,0.02351228514313698,0.0005,14.17359929997474,13.818193955758982,4748.155765491538,761111040,805306368
166,8300,1000,50,20,20,1,0.0920126793384552,0.023527095049619674,0.0005,13.790881699882448,13.818065395180405,4606.1544877607375,761111040,805306368
167,8350,1000,50,20,20,1,0.08307852399349212,0.021257822334766387,0.0005,14.131356599740684,13.819956316169307,4705.741747713648,761111040,805306368
168,8400,1000,50,20,20,1,0.08997055912017822,0.023007208168506623,0.0005,14.170656700152904,13.82207742499997,4704.658024450764,761111040,805306368
169,8450,1000,50,20,20,1,0.09123909962177276,0.023338511049747466,0.0005,14.497419000137597,13.826094482248351,4798.645689045545,761111040,805306368
170,8500,1000,50,20,20,1,0.08172965478897094,0.020909498751163484,0.0005,13.905088099651039,13.826582482941996,4588.679072884843,761111040,805306368
171,8550,1000,50,20,20,1,0.08078584134578705,0.020675087094306946,0.0005,14.232837500050664,13.835422247953234,4682.603537516668,761111040,805306368
172,8600,1000,50,20,20,1,0.08426564407348633,0.021577263325452803,0.0005,14.209008700214326,13.83762466104777,4660.554853670299,761111040,805306368
173,8650,1000,50,20,20,1,0.08850598132610321,0.022654471784830092,0.0005,13.820905299857259,13.837558664739499,4519.436033053324,761111040,805306368
174,8700,1000,50,20,20,1,0.08589885306358337,0.021978562623262407,0.0005,12.587669800035655,13.830391320116261,4103.580354811624,761111040,805306368
175,8750,1000,50,20,20,1,0.07587197864055634,0.019414102673530578,0.0005,14.059298399835825,13.831731112000666,4569.271979946643,761111040,805306368
176,8800,1000,50,20,20,1,0.07598742020130157,0.01946674510836601,0.0005,14.26057320041582,13.834195505113298,4620.425716934726,761111040,805306368
177,8850,1000,50,20,20,1,0.07825866031646729,0.020034888684749605,0.0005,14.052362100221217,13.83545385254284,4538.912958371453,761111040,805306368
178,8900,1000,50,20,20,1,0.07999196124076843,0.020488507091999054,0.0005,13.876486700028181,13.835712514045973,4468.228717409074,761111040,805306368
179,8950,1000,50,20,20,1,0.08674182319641113,0.022199824780225755,0.0005,14.185526499990374,13.837862192179655,4553.55400649691,761111040,805306368
180,9000,1000,50,20,20,1,0.08340567314624786,0.0213456292450428,0.0005,14.185436899773777,13.839816094445997,4539.3398079276085,761111040,805306368
181,9050,1000,50,20,20,1,0.09174955904483795,0.02348689368367195,0.0005,13.932731099892408,13.846974520995513,4444.541220865678,761111040,805306368
182,9100,1000,50,20,20,1,0.07685000705718995,0.01967591229081154,0.0005,13.95628280006349,13.847605620879312,4438.09793042019,761111040,805306368
183,9150,1000,50,20,20,1,0.08484935426712036,0.021715322881937026,0.0005,13.978647300042212,13.848340670491666,4431.231194113381,761111040,805306368
184,9200,1000,50,20,20,1,0.09279658615589143,0.023745157539844512,0.0005,14.489051799755543,13.85184833532675,4578.540368722752,761111040,805306368
185,9250,1000,50,20,20,1,0.08250594460964203,0.02111838111281395,0.0005,14.427018499933183,13.854999883243865,4544.510827478953,761111040,805306368
186,9300,1000,50,20,20,1,0.08022919499874115,0.020542153805494307,0.0005,13.98902970040217,13.855736687095956,4392.5553259262815,761111040,805306368
187,9350,1000,50,20,20,1,0.07767936688661575,0.01990286499261856,0.0005,13.864328800234944,13.855801116042636,4339.534914473537,761111040,805306368
188,9400,1000,50,20,20,1,0.09639037871360778,0.024665579706430435,0.0005,13.955294500105083,13.856371020744653,4354.051884032786,761111040,805306368
189,9450,1000,50,20,20,1,0.09239882647991181,0.02365825152397156,0.0005,14.416268699802458,13.85936480211636,4483.4595656385645,761111040,805306368
190,9500,1000,50,20,20,1,0.08994483304023743,0.02301340362429619,0.0005,13.928094500210136,13.859759222632764,4317.709295065142,761111040,805306368
191,9550,1000,50,20,20,1,0.0884575937986374,0.022629688650369646,0.0005,13.633560200221837,13.86381834921432,4212.7701018685475,761111040,805306368
192,9600,1000,50,20,20,1,0.08812930142879485,0.02254423227906227,0.0005,14.07175359968096,13.86492295468876,4334.100108701736,761111040,805306368
193,9650,1000,50,20,20,1,0.08660507190227508,0.02216373509168625,0.0005,14.48530500009656,13.868156321243012,4446.988635029644,761111040,805306368
194,9700,1000,50,20,20,1,0.07557548940181733,0.019356974571943283,0.0005,14.080810099840164,13.869357475773286,4308.72789055109,761111040,805306368
195,9750,1000,50,20,20,1,0.08895194911956787,0.022760993212461472,0.0005,12.37096400000155,13.86169194512738,3773.1440200004727,761111040,805306368
196,9800,1000,50,20,20,1,0.09001984488964081,0.02302717050909996,0.0005,13.783091300167143,13.861479512244767,4190.059755250812,761111040,805306368
197,9850,1000,50,20,20,1,0.09175954914093018,0.023475894540548325,0.0005,14.22833690000698,13.863368330965395,4311.186080702115,761111040,805306368
198,9900,1000,50,20,20,1,0.07656441199779511,0.019623092263936995,0.0005,14.144063499756157,13.864894401514903,4271.5071769263595,761111040,805306368
199,9950,1000,50,20,20,1,0.0812484004497528,0.020811122596263887,0.0005,13.730720600113273,13.864406109548844,4132.946900634095,761111040,805306368
200,10000,1000,50,20,20,1,0.08848503601551055,0.0226485296189785,0.00025,13.765346700325608,13.864099073500839,4129.6040100976825,761111040,805306368
201,10050,1000,50,20,20,1,0.06739450049400329,0.017240920931100846,0.00025,14.196186199784279,13.870841882587758,4244.659673735499,761111040,805306368
202,10100,1000,50,20,20,1,0.06865426766872405,0.01757555001974106,0.00025,13.997607599943876,13.871576040593613,4171.287064783275,761111040,805306368
203,10150,1000,50,20,20,1,0.0688235291838646,0.017625302970409394,0.00025,14.041430699639022,13.872514324629762,4170.30491779279,761111040,805306368
204,10200,1000,50,20,20,1,0.06800885796546936,0.017409223824739455,0.00025,13.909255099948496,13.872708350981531,4117.139509584755,761111040,805306368
205,10250,1000,50,20,20,1,0.07378879940509796,0.018881738632917405,0.00025,13.92848140001297,13.872997712196282,4108.902013003826,761111040,805306368
206,10300,1000,50,20,20,1,0.06933988624811173,0.01776342299580574,0.00025,14.213408099953085,13.874756452912303,4178.741981386207,761111040,805306368
207,10350,1000,50,20,20,1,0.06600177782773972,0.01689056771993637,0.00025,13.960858599748462,13.875194899517377,4090.5315697262995,761111040,805306368
208,10400,1000,50,20,20,1,0.06790341114997864,0.017380289793014526,0.00025,13.729774700012058,13.874517006730176,4009.094212403521,761111040,805306368
209,10450,1000,50,20,20,1,0.06509506797790528,0.016661638766527175,0.00025,14.081811499781907,13.875529834450306,4097.807146436535,761111040,805306368
210,10500,1000,50,20,20,1,0.06901373732089996,0.017677841991186143,0.00025,14.38400309998542,13.87797291762018,4171.360898995772,761111040,805306368
211,10550,1000,50,20,20,1,0.06437727200984955,0.016481003984808923,0.00025,13.989294199738652,13.884803173933355,4042.9060237244703,761111040,805306368
212,10600,1000,50,20,20,1,0.06976161992549897,0.01785480137169361,0.00025,13.592610099818558,13.883445238679172,3914.6717087477446,761111040,805306368
213,10650,1000,50,20,20,1,0.067480215549469,0.017288587749004363,0.00025,13.846503300126642,13.883299968076406,3973.9464471363463,761111040,805306368
214,10700,1000,50,20,20,1,0.06883240962028503,0.01763076949119568,0.00025,14.24423830024898,13.884995597662735,4073.8521538712084,761111040,805306368
215,10750,1000,50,20,20,1,0.07051533770561218,0.01805369421839714,0.00025,14.137461899779737,13.88619366976714,4029.176641437225,761111040,805306368
216,10800,1000,50,20,20,1,0.0649758219718933,0.016635420083999635,0.00025,13.909363700076938,13.886325274999425,3950.2592908218503,761111040,805306368
217,10850,1000,50,20,20,1,0.06545765924453735,0.01674576124548912,0.00025,13.327723099850118,13.883773251612615,3771.7456372575834,761111040,805306368
218,10900,1000,50,20,20,1,0.0669307547211647,0.0171348684579134,0.00025,14.104223699774593,13.884812739908423,3977.3910833364353,761111040,805306368
219,10950,1000,50,20,20,1,0.06469636750221253,0.016565248191356657,0.00025,14.399939599912614,13.887178793606948,4046.3830275754444,761111040,805306368
220,11000,1000,50,20,20,1,0.06864545357227325,0.01758685126900673,0.00025,14.286801700014621,13.889013813182034,4000.304476004094,761111040,805306368
221,11050,1000,50,20,20,1,0.06513728004693985,0.01668134081363678,0.00025,13.956737600266933,13.89446292443378,3893.9297904744744,761111040,805306368
222,11100,1000,50,20,20,1,0.07456645226478577,0.019093837171792985,0.00025,14.444354200270027,13.897033861712426,4015.5304676750675,761111040,805306368
223,11150,1000,50,20,20,1,0.0673646868467331,0.017246604844927786,0.00025,14.312576899770647,13.898989799102527,3964.5838012364693,761111040,805306368
224,11200,1000,50,20,20,1,0.07072228825092315,0.018107857406139374,0.00025,14.310942700132728,13.900926793750841,3949.820185236633,761111040,805306368
225,11250,1000,50,20,20,1,0.065935213804245,0.016887478500604628,0.00025,14.100949799641967,13.901826821778798,3877.761194901541,761111040,805306368
226,11300,1000,50,20,20,1,0.07192988634109497,0.018419952899217606,0.00025,13.830313399899751,13.901524914158673,3789.5058715725318,761111040,805306368
227,11350,1000,50,20,20,1,0.06993346762657165,0.017909094333648682,0.00025,14.077382000163198,13.902470420264446,3843.125286044553,761111040,805306368
228,11400,1000,50,20,20,1,0.06698507463932038,0.017153114944696426,0.00025,14.042368500027806,13.903248449999904,3819.524232007563,761111040,805306368
229,11450,1000,50,20,20,1,0.07061740553379059,0.01808740809559822,0.00025,14.141828800085932,13.90445618820885,3832.4356048232876,761111040,805306368
230,11500,1000,50,20,20,1,0.06660663557052612,0.01705926865339279,0.00025,13.755550399888307,13.903820350869438,3713.998607969843,761111040,805306368
231,11550,1000,50,20,20,1,0.06748490595817566,0.017281898051500322,0.00025,13.978772799950093,13.909310066667326,3760.289883186575,761111040,805306368
232,11600,1000,50,20,20,1,0.0645145702958107,0.016526444375514985,0.00025,14.252037900034338,13.910874943104412,3819.5461572092026,761111040,805306368
233,11650,1000,50,20,20,1,0.0685964897274971,0.017580858796834947,0.00025,14.079636399634182,13.911614633047385,3759.2629187023267,761111040,805306368
234,11700,1000,50,20,20,1,0.06716054725646972,0.01720692491531372,0.00025,13.782752600032836,13.91107385000015,3666.2121916087344,761111040,805306368
235,11750,1000,50,20,20,1,0.06592904984951019,0.01689224675297737,0.00025,14.254181300289929,13.912617381277713,3777.358044576831,761111040,805306368
236,11800,1000,50,20,20,1,0.06585262453556061,0.01686953675746918,0.00025,14.061142699792981,13.913266290253485,3712.141672745347,761111040,805306368
237,11850,1000,50,20,20,1,0.06860382425785065,0.017564160078763963,0.00025,13.879412199836224,13.913211315612894,3650.285408556927,761111040,805306368
238,11900,1000,50,20,20,1,0.07258517146110535,0.018588842421770096,0.00025,13.397099799942225,13.911126729832697,3510.040147584863,761111040,805306368
239,11950,1000,50,20,20,1,0.06745525574684143,0.017278687119483948,0.00025,13.987590300384909,13.91153428117086,3650.761068400461,761111040,805306368
240,12000,1000,50,20,20,1,0.06900027871131897,0.01766876232624054,0.00025,14.191248000133783,13.912783725416132,3689.7244800347835,761111040,805306368
241,12050,1000,50,20,20,1,0.06578090798854828,0.01684672349691391,0.00025,13.791587100364268,13.918066178007956,3572.0210589943454,761111040,805306368
242,12100,1000,50,20,20,1,0.06608130347728729,0.016922309637069703,0.00025,13.869566400069743,13.917952809090272,3578.348131217994,761111040,805306368
243,12150,1000,50,20,20,1,0.06395552229881286,0.01637601885199547,0.00025,14.105805800296366,13.918810354321506,3625.192090676166,761111040,805306368
244,12200,1000,50,20,20,1,0.06961645078659058,0.01782558736205101,0.00025,14.36488680029288,13.920721879507584,3677.411020874977,761111040,805306368
245,12250,1000,50,20,20,1,0.06862131440639496,0.017574119091033936,0.00025,14.079517499543726,13.921379608980248,3590.2769623836502,761111040,805306368
246,12300,1000,50,20,20,1,0.06788083803653717,0.01739019098877907,0.00025,14.059681999962777,13.922024044308554,3571.1592279905453,761111040,805306368
247,12350,1000,50,20,20,1,0.06996400135755539,0.017917054146528243,0.00025,13.74401540029794,13.921325218624355,3477.2358962753788,761111040,805306368
248,12400,1000,50,20,20,1,0.06313896870613098,0.016180684119462968,0.00025,14.19736329978332,13.92245781532256,3577.7355515453964,761111040,805306368
249,12450,1000,50,20,20,1,0.06550711631774903,0.016789809584617614,0.00025,14.225616300012916,13.923691373494226,3570.629691303242,761111040,805306368
250,12500,1000,50,20,20,1,0.06518813753128051,0.016703910008072854,0.00025,13.888544499874115,13.923569492399693,3472.1361249685287,761111040,805306368
251,12550,1000,50,20,20,1,0.06326187956333161,0.016212454676628112,0.00025,14.0103356000036,13.930013430278851,3488.5735644008964,761111040,805306368
252,12600,1000,50,20,20,1,0.06320320391654968,0.0161960052549839,0.00025,14.118086600210518,13.930778594445512,3501.2854768522084,761111040,805306368
253,12650,1000,50,20,20,1,0.06587823182344436,0.01688586175441742,0.00025,14.452478700317442,13.932862746245835,3569.7622389784083,761111040,805306368
254,12700,1000,50,20,20,1,0.06174139380455017,0.015821054220199585,0.00025,13.888596800155938,13.93270068779573,3416.5948128383607,761111040,805306368
255,12750,1000,50,20,20,1,0.06791087472438813,0.01739271618425846,0.00025,13.854778700042516,13.932413374510247,3394.4207815104164,761111040,805306368
256,12800,1000,50,20,20,1,0.06621972644329072,0.016973371282219887,0.00025,14.123459399677813,13.933176507422104,3446.1240935213864,761111040,805306368
257,12850,1000,50,20,20,1,0.06533974969387055,0.016747149765491486,0.00025,14.156487200409174,13.93416289533108,3440.0263896994293,761111040,805306368
258,12900,1000,50,20,20,1,0.06820992231369019,0.017468375742435455,0.00025,13.872456399723887,13.933941994573516,3357.1344487331808,761111040,805306368
259,12950,1000,50,20,20,1,0.0681096887588501,0.017456641972064972,0.00025,13.716642700135708,13.933124972973019,3305.7108907327056,761111040,805306368
260,13000,1000,50,20,20,1,0.06342673349380493,0.016253811597824096,0.00025,14.142218300141394,13.933947336539411,3394.1323920339346,761111040,805306368
261,13050,1000,50,20,20,1,0.0689983685016632,0.017671014130115507,0.00025,14.112273899838328,13.939402532951114,3372.8334620613605,761111040,805306368
262,13100,1000,50,20,20,1,0.061896507918834685,0.01586099302768707,0.00025,14.08195099979639,13.939957034351119,3351.504337951541,761111040,805306368
263,13150,1000,50,20,20,1,0.06494965434074401,0.016651600778102876,0.00025,13.820315999910235,13.939577888212249,3275.414891978726,761111040,805306368
264,13200,1000,50,20,20,1,0.06380755317211151,0.01635048246383667,0.00025,13.834496699739248,13.939255194697939,3264.9412211384624,761111040,805306368
265,13250,1000,50,20,20,1,0.0694744849205017,0.017800532013177873,0.00025,14.131060699932277,13.940052935472286,3320.799264484085,761111040,805306368
266,13300,1000,50,20,20,1,0.06607098603248596,0.016927700757980346,0.00025,14.120969799812883,13.940804365789518,3304.3069331562147,761111040,805306368
267,13350,1000,50,20,20,1,0.06215606540441513,0.01593882292509079,0.00025,14.04570099990815,13.941267887266415,3272.648332978599,761111040,805306368
268,13400,1000,50,20,20,1,0.06851311826705933,0.01755139838159084,0.00025,13.90015699993819,13.94119030111921,3224.83642398566,761111040,805306368
269,13450,1000,50,20,20,1,0.06716774636507035,0.0172168208360672,0.00025,13.943821799941361,13.94120934609753,3221.0228357864544,761111040,805306368
270,13500,1000,50,20,20,1,0.06685596930980682,0.017135873287916183,0.00025,14.006323500070721,13.941458508518904,3221.454405016266,761111040,805306368
271,13550,1000,50,20,20,1,0.06733388471603394,0.017262913286685944,0.00025,14.223829099908471,13.947425694096614,3257.25686387904,761111040,805306368
272,13600,1000,50,20,20,1,0.06581697654724121,0.016874189376831054,0.00025,14.0399722000584,13.947776017647223,3201.1136616133153,761111040,805306368
273,13650,1000,50,20,20,1,0.0670489717721939,0.017178656578063965,0.00025,14.079876800067723,13.948269650549884,3196.132033615373,761111040,805306368
274,13700,1000,50,20,20,1,0.0641867510676384,0.016450322926044463,0.00025,14.19007660029456,13.94916310802911,3206.9573116665706,761111040,805306368
275,13750,1000,50,20,20,1,0.06533670878410339,0.01674301692843437,0.00025,14.029744899831712,13.949530860727483,3156.6926024621353,761111040,805306368
276,13800,1000,50,20,20,1,0.06883923470973968,0.017635574400424958,0.00025,13.7839724002406,13.94895876231907,3087.6098176538944,761111040,805306368
277,13850,1000,50,20,20,1,0.06806353211402894,0.017446627587080002,0.00025,14.4745859997347,13.950874455957354,3227.832677940838,761111040,805306368
278,13900,1000,50,20,20,1,0.06332606196403504,0.01623866605758667,0.00025,14.319538199808449,13.952223680935225,3178.9374803574756,761111040,805306368
279,13950,1000,50,20,20,1,0.06469901591539383,0.016591390192508697,0.00025,14.070666899904609,13.952662605735537,3109.6173848789185,761111040,805306368
280,14000,1000,50,20,20,1,0.06362572193145752,0.016307669937610625,0.00025,13.956655700225383,13.95269571035668,3070.4642540495843,761111040,805306368
281,14050,1000,50,20,20,1,0.06654165780544281,0.017045645862817763,0.00025,13.939896800089628,13.95696352740246,3052.8373992196284,761111040,805306368
282,14100,1000,50,20,20,1,0.06353075879812241,0.016285418644547463,0.00025,14.531118200160563,13.959011259929653,3167.7837676350027,761111040,805306368
283,14150,1000,50,20,20,1,0.06481041729450226,0.01661520051956177,0.00025,14.14358950033784,13.959679129329434,3069.158921573311,761111040,805306368
284,14200,1000,50,20,20,1,0.06391937583684922,0.01638513559103012,0.00025,13.873255100101233,13.959391524647954,2996.623101621866,761111040,805306368
285,14250,1000,50,20,20,1,0.06353665935993194,0.016303563505411147,0.00025,13.84131469996646,13.958992802104994,2975.882660492789,761111040,805306368
286,14300,1000,50,20,20,1,0.06412318760156631,0.016443128794431685,0.00025,14.286068700253963,13.960152916782828,3057.218701854348,761111040,805306368
287,14350,1000,50,20,20,1,0.06892052042484284,0.017667000591754915,0.00025,14.354443000163883,13.96154275121985,3057.496359034907,761111040,805306368
288,14400,1000,50,20,20,1,0.06668632638454437,0.017094429910182955,0.00025,14.04823930002749,13.961859554860792,2978.226731605828,761111040,805306368
289,14450,1000,50,20,20,1,0.06311286455392838,0.016173331797122957,0.00025,13.79526949999854,13.961290742907106,2910.801864499692,761111040,805306368
290,14500,1000,50,20,20,1,0.06504737281799317,0.016672916412353515,0.00025,14.08430609991774,13.961726192759093,2957.7042809827253,761111040,805306368
291,14550,1000,50,20,20,1,0.06541306430101394,0.01677340295910835,0.00025,14.025425900239497,13.966048101030443,2931.314013150055,761111040,805306368
292,14600,1000,50,20,20,1,0.06108690655231476,0.015661489456892014,0.00025,14.0389409000054,13.966314913355745,2920.0997072011232,761111040,805306368
293,14650,1000,50,20,20,1,0.06260041654109955,0.016049927040934563,0.00025,14.073086500167847,13.966696359385631,2913.1289055347443,761111040,805306368
294,14700,1000,50,20,20,1,0.061618903875350954,0.01580006955564022,0.00025,13.952424600254744,13.966664952721738,2874.1994676524773,761111040,805306368
295,14750,1000,50,20,20,1,0.06434213328361511,0.01648787820339203,0.00025,14.259930400177836,13.967679785084673,2923.2857320364565,761111040,805306368
296,14800,1000,50,20,20,1,0.06384174835681915,0.01637879654765129,0.00025,13.906875799875706,13.967489470946413,2837.002663174644,761111040,805306368
297,14850,1000,50,20,20,1,0.06747559088468552,0.017297498986124992,0.00025,14.005232600029558,13.967632582491133,2843.0622178060003,761111040,805306368
298,14900,1000,50,20,20,1,0.06385132324695587,0.016373389005661012,0.00025,13.686457000207156,13.966706131878714,2764.6643140418455,761111040,805306368
299,14950,1000,50,20,20,1,0.06530535173416138,0.016742197483778,0.00025,13.884009100031108,13.966444466221006,2790.6858291062526,761111040,805306368
300,15000,1000,50,20,20,1,0.06453591501712799,0.016538185447454452,0.000125,13.799885000102222,13.96590534433412,2759.9770000204444,761111040,805306368
301,15050,1000,50,20,20,1,0.05965333503484726,0.015298273295164108,0.000125,13.59836299996823,13.967899840532422,2706.074236993678,761111040,805306368
302,15100,1000,50,20,20,1,0.05710555386543274,0.014636043459177017,0.000125,14.10058439988643,13.968356393709383,2791.915711177513,761111040,805306368
303,15150,1000,50,20,20,1,0.057580500304698946,0.014760252222418785,0.000125,14.266483599785715,13.969356210891576,2810.497269157786,761111040,805306368
304,15200,1000,50,20,20,1,0.059100685000419616,0.01514834912121296,0.000125,14.463133400306106,13.970990561841877,2834.7741464599967,761111040,805306368
305,15250,1000,50,20,20,1,0.05829512256383896,0.014945338517427444,0.000125,13.943054900038987,13.97091405868805,2718.8957055076025,761111040,805306368
306,15300,1000,50,20,20,1,0.05869633364677429,0.015041466265916825,0.000125,13.95572410011664,13.970878268627061,2707.410475422628,761111040,805306368
307,15350,1000,50,20,20,1,0.0590543047785759,0.01513891763985157,0.000125,14.39799049962312,13.972289641694157,2778.812166427262,761111040,805306368
308,15400,1000,50,20,20,1,0.05859358125925064,0.015018358573317528,0.000125,14.207804100122303,13.973072911039685,2727.898387223482,761111040,805306368
309,15450,1000,50,20,20,1,0.059096739947795865,0.015143737465143204,0.000125,13.89282609988004,13.972830930744331,2653.5297850770876,761111040,805306368
310,15500,1000,50,20,20,1,0.05655513316392899,0.014492638260126114,0.000125,13.844115199986845,13.97243263258058,2630.3818879975006,761111040,805306368
311,15550,1000,50,20,20,1,0.05809505957365036,0.014894787088036538,0.000125,14.168533999938518,13.976668520257105,2677.85292598838,761111040,805306368
312,15600,1000,50,20,20,1,0.05654246205091477,0.014499410465359687,0.000125,14.358392700087279,13.97801007980851,2699.3778276164085,761111040,805306368
313,15650,1000,50,20,20,1,0.05818329644203186,0.014921889573335647,0.000125,14.047628600150347,13.978348851757357,2626.906548228115,761111040,805306368
314,15700,1000,50,20,20,1,0.05567496424913406,0.014263564079999924,0.000125,13.906114799901843,13.978191976434,2586.537352781743,761111040,805306368
315,15750,1000,50,20,20,1,0.05665209209918976,0.014514152258634568,0.000125,13.992620900273323,13.978245366666288,2588.6348665505648,761111040,805306368
316,15800,1000,50,20,20,1,0.057025293409824374,0.014626672476530074,0.000125,14.340045700315386,13.979505339557823,2638.568408858031,761111040,805306368
317,15850,1000,50,20,20,1,0.05805307054519653,0.014886513322591782,0.000125,14.313513900153339,13.980672696214581,2619.373043728061,761111040,805306368
318,15900,1000,50,20,20,1,0.0580754873752594,0.014882697135210038,0.000125,13.970259599853307,13.980755755032044,2542.587247173302,761111040,805306368
319,15950,1000,50,20,20,1,0.058230347156524656,0.01492056655883789,0.000125,13.938539499882609,13.980630855486206,2522.875649478752,761111040,805306368
320,16000,1000,50,20,20,1,0.05776866048574448,0.014807637318968773,0.000125,14.176193300168961,13.981255077500828,2551.714794030413,761111040,805306368
321,16050,1000,50,20,20,1,0.057238205194473264,0.014683426350355149,0.000125,14.089080600067973,13.985114985981207,2521.945427412167,761111040,805306368
322,16100,1000,50,20,20,1,0.05726571762561798,0.014683412477374078,0.000125,13.371059200260788,13.983282429192169,2380.0485376464203,761111040,805306368
323,16150,1000,50,20,20,1,0.05899317330121994,0.015127683445811271,0.000125,13.890410699881613,13.98302985356123,2458.6026938790455,761111040,805306368
324,16200,1000,50,20,20,1,0.057323604226112365,0.014697791457176208,0.000125,14.13585070008412,13.983564943519283,2487.909723214805,761111040,805306368
325,16250,1000,50,20,20,1,0.059463870346546176,0.015251369312405587,0.000125,14.29907019995153,13.98460482707677,2502.3372849915177,761111040,805306368
326,16300,1000,50,20,20,1,0.05788800323009491,0.014839624375104905,0.000125,14.252109700348228,13.985441410736941,2479.8670878605917,761111040,805306368
327,16350,1000,50,20,20,1,0.05768668115139008,0.01478346997499466,0.000125,13.822814699728042,13.9849599259934,2391.3469430529512,761111040,805306368
328,16400,1000,50,20,20,1,0.060541821002960204,0.01551152566075325,0.000125,13.711454799864441,13.984141731401905,2358.370225576684,761111040,805306368
329,16450,1000,50,20,20,1,0.057479247212409976,0.014730118125677108,0.000125,13.850486500188708,13.983754262309748,2368.433191532269,761111040,805306368
330,16500,1000,50,20,20,1,0.05761184972524643,0.014774520799517632,0.000125,14.084962999913841,13.984076476969163,2394.443709985353,761111040,805306368
331,16550,1000,50,20,20,1,0.05606175231933594,0.01437021005153656,0.000125,13.980843800120056,13.987564297280418,2362.7626022202894,761111040,805306368
332,16600,1000,50,20,20,1,0.057648356318473815,0.01477195817232132,0.000125,14.221082200296223,13.988283825602034,2389.1418096497655,761111040,805306368
333,16650,1000,50,20,20,1,0.05668134891986847,0.014530083924531936,0.000125,14.045989099889994,13.988471099699906,2345.680179681629,761111040,805306368
334,16700,1000,50,20,20,1,0.058005187571048736,0.014872949361801148,0.000125,14.00485819997266,13.988534155987693,2324.8064611954615,761111040,805306368
335,16750,1000,50,20,20,1,0.05714155459403992,0.014644634068012238,0.000125,14.361143799964339,13.98965691462743,2369.588726994116,761111040,805306368
336,16800,1000,50,20,20,1,0.05732023960351944,0.014699034437537194,0.000125,13.957632799632847,13.989576065178317,2289.051779139787,761111040,805306368
337,16850,1000,50,20,20,1,0.056755246937274934,0.014551531061530114,0.000125,14.367358699906617,13.990718425222527,2341.8794680847786,761111040,805306368
338,16900,1000,50,20,20,1,0.05865880113840103,0.015041736543178558,0.000125,14.040232700295746,13.990881164497614,2274.517697447911,761111040,805306368
339,16950,1000,50,20,20,1,0.05880993854999542,0.015080493882298469,0.000125,13.749355399981141,13.990181774336428,2213.6462193969637,761111040,805306368
340,17000,1000,50,20,20,1,0.05712062644958496,0.014649933740496635,0.000125,13.916288300417364,13.989972841764308,2226.606128066778,761111040,805306368
341,17050,1000,50,20,20,1,0.05727210921049118,0.014688756436109543,0.000125,14.138748999685049,13.993423278592363,2248.061090949923,761111040,805306368
342,17100,1000,50,20,20,1,0.05714610314369201,0.014656124919652938,0.000125,14.107794800307602,13.993769617837021,2229.031578448601,761111040,805306368
343,17150,1000,50,20,20,1,0.05603428882360458,0.014366074547171592,0.000125,14.082289299927652,13.994091669096186,2210.9194200886413,761111040,805306368
344,17200,1000,50,20,20,1,0.05995498329401016,0.015366703525185585,0.000125,14.088438699953258,13.994425961918328,2197.7964371927083,761111040,805306368
345,17250,1000,50,20,20,1,0.060609060168266296,0.015545897647738456,0.000125,14.073629300110042,13.99471502898504,2181.4125415170565,761111040,805306368
346,17300,1000,50,20,20,1,0.059862773537635805,0.015346348136663437,0.000125,14.196303999982774,13.995309057225597,2186.2308159973472,761111040,805306368
347,17350,1000,50,20,20,1,0.05728850591182709,0.014688267588615418,0.000125,13.918293799739331,13.995195806051957,2129.4989513601176,761111040,805306368
348,17400,1000,50,20,20,1,0.05692975389957428,0.014594433203339576,0.000125,13.787188699934632,13.994708194252874,2095.652682390064,761111040,805306368
349,17450,1000,50,20,20,1,0.05934151816368103,0.015223871126770974,0.000125,13.932402099948376,13.994637122349733,2103.792717092205,761111040,805306368
350,17500,1000,50,20,20,1,0.05699183487892151,0.014615713179111482,0.000125,14.24327449966222,13.995454346856901,2136.491174949333,761111040,805306368
351,17550,1000,50,20,20,1,0.054302424252033236,0.013922461569309234,0.000125,13.907220999710262,14.001213568660758,2072.175928956829,761111040,805306368
352,17600,1000,50,20,20,1,0.058168903231620786,0.014910772144794464,0.000125,14.068211500067264,14.001413111080183,2082.095302009955,761111040,805306368
353,17650,1000,50,20,20,1,0.05678108942508697,0.014559248179197312,0.000125,14.029776599723846,14.001552356657685,2062.3771601594053,761111040,805306368
354,17700,1000,50,20,20,1,0.056023306787014004,0.01436744099855423,0.000125,14.214614400174469,14.00221425169516,2075.3337024254724,761111040,805306368
355,17750,1000,50,20,20,1,0.055008092999458316,0.014106582865118981,0.000125,14.174717999994755,14.002759134084721,2055.3341099992394,761111040,805306368
356,17800,1000,50,20,20,1,0.05686668288707733,0.014575301453471183,0.000125,14.155950599815696,14.00324901713456,2038.4568863734603,761111040,805306368
357,17850,1000,50,20,20,1,0.05634515684843063,0.014439265087246895,0.000125,13.835981300100684,14.002808403921593,1978.5453259143978,761111040,805306368
358,17900,1000,50,20,20,1,0.055839257717132565,0.014326069757342338,0.000125,14.253038300201297,14.003566255865817,2023.9314386285841,761111040,805306368
359,17950,1000,50,20,20,1,0.060005413174629214,0.015387555927038193,0.000125,14.236538199707866,14.004271597771394,2007.351886158809,761111040,805306368
360,18000,1000,50,20,20,1,0.05778624087572098,0.014821016192436219,0.000125,13.864675700198859,14.003939626667286,1941.0545980278403,761111040,805306368
361,18050,1000,50,20,20,1,0.05738457155227661,0.014706957206130028,0.000125,13.861264799721539,14.006396238503777,1926.715807161294,761111040,805306368
362,18100,1000,50,20,20,1,0.05643384182453155,0.014476105481386184,0.000125,14.037289300002158,14.006487847237658,1937.1459234002978,761111040,805306368
363,18150,1000,50,20,20,1,0.056120252311229704,0.014391553491353988,0.000125,14.194883999880403,14.007066742700497,1944.6991079836152,761111040,805306368
364,18200,1000,50,20,20,1,0.06024387276172638,0.015445585891604423,0.000125,13.784999399911612,14.00651327115458,1874.7599183879793,761111040,805306368
365,18250,1000,50,20,20,1,0.05669953119754791,0.014541108414530754,0.000125,14.065360900014639,14.00673243205433,1898.8237215019763,761111040,805306368
366,18300,1000,50,20,20,1,0.05524487435817718,0.01416191454231739,0.000125,14.200167499948293,14.00726959125719,1902.8224449930713,761111040,805306368
367,18350,1000,50,20,20,1,0.05618149644136429,0.014400577262043954,0.000125,14.11298460001126,14.007571153950494,1877.0269518014975,761111040,805306368
368,18400,1000,50,20,20,1,0.05753634625673294,0.014760111808776856,0.000125,13.967558800242841,14.007474165489523,1843.717761632055,761111040,805306368
369,18450,1000,50,20,20,1,0.05622569435834884,0.014419487461447715,0.000125,14.006187499966472,14.007484060163208,1834.8105624956079,761111040,805306368
370,18500,1000,50,20,20,1,0.054911771953105926,0.014081046044826507,0.000125,13.960055300034583,14.00736981756809,1814.8071890044957,761111040,805306368
371,18550,1000,50,20,20,1,0.05437687408924103,0.013941551849246026,0.000125,14.217661200091243,14.011750492991533,1834.0782948117703,761111040,805306368
372,18600,1000,50,20,20,1,0.055805878102779385,0.014309513628482819,0.000125,14.093193599954247,14.011977639516205,1803.9287807941437,761111040,805306368
373,18650,1000,50,20,20,1,0.05599320119619369,0.01436595332622528,0.000125,13.811129699926823,14.011446828418348,1754.0134718907066,761111040,805306368
374,18700,1000,50,20,20,1,0.05410767078399658,0.013878188520669937,0.000125,13.87524660024792,14.011089317379819,1748.2810716312379,761111040,805306368
375,18750,1000,50,20,20,1,0.05510800039768219,0.014132266581058503,0.000125,14.379179200157523,14.012082082933436,1797.3974000196904,761111040,805306368
376,18800,1000,50,20,20,1,0.05499106931686401,0.014106748953461647,0.000125,14.248491700273007,14.012722845479074,1766.812970833853,761111040,805306368
377,18850,1000,50,20,20,1,0.055473316311836246,0.014235118940472602,0.000125,14.028281200211495,14.0127800530507,1725.478587626014,761111040,805306368
378,18900,1000,50,20,20,1,0.05668976956605911,0.014528350010514259,0.000125,13.835723899770528,14.012328541269722,1687.9583157720044,761111040,805306368
379,18950,1000,50,20,20,1,0.058090372800827024,0.014900535881519317,0.000125,13.956633300054818,14.012188908706682,1688.752629306633,761111040,805306368
380,19000,1000,50,20,20,1,0.05367611229419708,0.01376892477273941,0.000125,14.082977700047195,14.012390580789283,1689.9573240056634,761111040,805306368
381,19050,1000,50,20,20,1,0.055547891497612,0.014244539394974708,0.000125,14.180132600013167,14.015683465354936,1687.4357794015668,761111040,805306368
382,19100,1000,50,20,20,1,0.055300136268138886,0.014184125050902366,0.000125,13.864188800100237,14.015337441361591,1635.974278411828,761111040,805306368
383,19150,1000,50,20,20,1,0.0576269651055336,0.014771980077028275,0.000125,13.967808199580759,14.01522173341996,1634.2335593509488,761111040,805306368
384,19200,1000,50,20,20,1,0.05754938852787018,0.014766619607806206,0.000125,14.356775499880314,14.01616257421847,1665.3859579861164,761111040,805306368
385,19250,1000,50,20,20,1,0.05396538931131363,0.013836649402976036,0.000125,13.735074799973518,14.015440909091577,1579.5336019969545,761111040,805306368
386,19300,1000,50,20,20,1,0.055111228168010715,0.014132476776838303,0.000125,13.917451699730009,14.015199459326777,1586.589493769221,761111040,805306368
387,19350,1000,50,20,20,1,0.056062866508960724,0.014378916397690773,0.000125,13.92594620026648,14.014982510077736,1573.6319206301123,761111040,805306368
388,19400,1000,50,20,20,1,0.05501157814264297,0.014116003289818763,0.000125,14.218405600171536,14.015520766753099,1592.461427219212,761111040,805306368
389,19450,1000,50,20,20,1,0.05763687509298324,0.014782750993967057,0.000125,14.044118700083345,14.015608431361999,1558.8971757092513,761111040,805306368
390,19500,1000,50,20,20,1,0.05517218327522278,0.014151685640215874,0.000125,13.990992899984121,14.015559653590362,1539.0092189982533,761111040,805306368
391,19550,1000,50,20,20,1,0.0539570626616478,0.013832535773515701,0.000125,14.028650000225753,14.018333463427012,1529.122850024607,761111040,805306368
392,19600,1000,50,20,20,1,0.05594059121608734,0.014348768681287765,0.000125,14.368749199900776,14.01923450229604,1551.8249135892838,761111040,805306368
393,19650,1000,50,20,20,1,0.05449371308088303,0.013977863982319831,0.000125,14.173848299775273,14.019641805344211,1516.6017680759542,761111040,805306368
394,19700,1000,50,20,20,1,0.05879193830490112,0.015080413520336152,0.000125,13.735337999649346,14.018926984264143,1455.9458279628307,761111040,805306368
395,19750,1000,50,20,20,1,0.05497965401411056,0.014103968113660813,0.000125,13.95901759993285,14.018787795696642,1465.6968479929492,761111040,805306368
396,19800,1000,50,20,20,1,0.05587032490968704,0.014336137145757676,0.000125,14.03833180014044,14.018843502020275,1459.9865072146058,761111040,805306368
397,19850,1000,50,20,20,1,0.055103872656822206,0.0141350407153368,0.000125,14.085038099903613,14.019024034509298,1450.7589242900722,761111040,805306368
398,19900,1000,50,20,20,1,0.05708598202466965,0.01464432629942894,0.000125,14.12686590012163,14.019307984171398,1440.9403218124062,761111040,805306368
399,19950,1000,50,20,20,1,0.0566536717414856,0.014533013388514518,0.000125,13.96942720003426,14.019196825815053,1410.9121472034603,761111040,805306368
400,20000,1000,50,20,20,1,0.057028121411800387,0.014624498337507248,6.25e-05,13.643981700297445,14.018271283500361,1364.3981700297445,761111040,805306368
401,20050,1000,50,20,20,1,0.05300736904144287,0.01359466241300106,6.25e-05,15.081699199974537,14.024411222942758,1493.0882207974792,761111040,805306368
402,20100,1000,50,20,20,1,0.05300285196304321,0.01359029147028923,6.25e-05,14.865929800085723,14.026514554229468,1456.861120408401,761111040,805306368
403,20150,1000,50,20,20,1,0.052956916093826294,0.013579847916960716,6.25e-05,14.470490099862218,14.027629996774714,1403.6375396866351,761111040,805306368
404,20200,1000,50,20,20,1,0.05287343293428421,0.013558007493615151,6.25e-05,15.24678870011121,14.030655794802334,1463.6917152106762,761111040,805306368
405,20250,1000,50,20,20,1,0.05208971506357193,0.013354510560631753,6.25e-05,14.71126150013879,14.032347274568208,1397.569842513185,761111040,805306368
406,20300,1000,50,20,20,1,0.052827544450759885,0.0135446937084198,6.25e-05,14.405581799801439,14.033278346551453,1354.1246891813353,761111040,805306368
407,20350,1000,50,20,20,1,0.05127431052923202,0.01314960278570652,6.25e-05,14.414883299730718,14.034226636118564,1340.5841468749568,761111040,805306368
408,20400,1000,50,20,20,1,0.052824864745140074,0.013550067722797394,6.25e-05,14.545458599925041,14.035493871323792,1338.1821911931038,761111040,805306368
409,20450,1000,50,20,20,1,0.05241748887300492,0.013437363594770432,6.25e-05,14.466581299901009,14.036561545965997,1316.4588982909918,761111040,805306368
410,20500,1000,50,20,20,1,0.05289176827669144,0.013561798229813576,6.25e-05,14.471592099871486,14.037632406585873,1302.4432889884338,761111040,805306368
411,20550,1000,50,20,20,1,0.05359637159109116,0.013743048340082168,6.25e-05,14.32728930003941,14.04141339294413,1275.1287477035075,761111040,805306368
412,20600,1000,50,20,20,1,0.05228889584541321,0.013415222629904747,6.25e-05,13.81667729979381,14.040884178398557,1215.8676023818552,761111040,805306368
413,20650,1000,50,20,20,1,0.05251171654462814,0.013467010781168938,6.25e-05,14.262581100221723,14.04143677627077,1240.84455571929,761111040,805306368
414,20700,1000,50,20,20,1,0.051947483777999875,0.013320999950170517,6.25e-05,14.095213799737394,14.041577860144988,1212.1883867774159,761111040,805306368
415,20750,1000,50,20,20,1,0.05221667391061783,0.013393630921840668,6.25e-05,14.083318199962378,14.041692965060292,1197.082046996802,761111040,805306368
416,20800,1000,50,20,20,1,0.05327512043714523,0.01366090713441372,6.25e-05,14.420766599941999,14.042617640385288,1211.344394395128,761111040,805306368
417,20850,1000,50,20,20,1,0.053285735130310055,0.013662534251809121,6.25e-05,14.500306400004774,14.043724175539243,1203.5254312003963,761111040,805306368
418,20900,1000,50,20,20,1,0.05137460160255432,0.01317469571530819,6.25e-05,14.603321199771017,14.04507133301401,1197.4723383812234,761111040,805306368
419,20950,1000,50,20,20,1,0.05361579006910324,0.013742059603333473,6.25e-05,14.320478499867022,14.045744468734727,1159.9587584892288,761111040,805306368
420,21000,1000,50,20,20,1,0.05407361406087875,0.013862833365797996,6.25e-05,14.590631500352174,14.047059276905133,1167.250520028174,761111040,805306368
421,21050,1000,50,20,20,1,0.052114529609680174,0.013365451365709305,6.25e-05,14.352419700007886,14.05071195985706,1133.841156300623,761111040,805306368
422,21100,1000,50,20,20,1,0.0532230064868927,0.01365236295759678,6.25e-05,14.451147799845785,14.051674963033568,1127.1895283879712,761111040,805306368
423,21150,1000,50,20,20,1,0.0513208994269371,0.01315732342004776,6.25e-05,14.695784500334412,14.053210777541002,1131.5754065257497,761111040,805306368
424,21200,1000,50,20,20,1,0.05317626053094864,0.013635730683803558,6.25e-05,14.065431999973953,14.053257061792362,1068.9728319980204,761111040,805306368
425,21250,1000,50,20,20,1,0.051763830423355105,0.013276210248470307,6.25e-05,13.11850620014593,14.051068276941557,983.8879650109448,761111040,805306368
426,21300,1000,50,20,20,1,0.05140574693679809,0.0131810854524374,6.25e-05,13.206851500086486,14.04909802558657,977.3070110064,761111040,805306368
427,21350,1000,50,20,20,1,0.05278650462627411,0.013538139522075653,6.25e-05,12.790278100408614,14.046164038407875,933.6903013298288,761111040,805306368
428,21400,1000,50,20,20,1,0.05322325164079666,0.013648549720644951,6.25e-05,13.15360669977963,14.044089584813722,947.0596823841333,761111040,805306368
429,21450,1000,50,20,20,1,0.05301007789373398,0.013593323111534118,6.25e-05,13.480997199658304,14.042788992074724,957.1508011757396,761111040,805306368
430,21500,1000,50,20,20,1,0.05189800667762756,0.01331097437441349,6.25e-05,13.600216399878263,14.041771495348753,952.0151479914784,761111040,805306368
431,21550,1000,50,20,20,1,0.05170553874969482,0.013262956097722054,6.25e-05,13.414820600301027,14.042473720650246,925.6226214207709,761111040,805306368
432,21600,1000,50,20,20,1,0.0523209998011589,0.013419273987412453,6.25e-05,13.700893299654126,14.04168965601841,931.6607443764806,761111040,805306368
433,21650,1000,50,20,20,1,0.05212785965204239,0.013377378895878792,6.25e-05,13.516274500172585,14.040558590762334,905.5903915115632,761111040,805306368
434,21700,1000,50,20,20,1,0.05221894186735153,0.013394890338182449,6.25e-05,14.004225300159305,14.040480775806907,924.2788698105142,761111040,805306368
435,21750,1000,50,20,20,1,0.05279016321897507,0.013536462426185608,6.25e-05,14.297098099719733,14.041081412874119,929.3113764817826,761111040,805306368
436,21800,1000,50,20,20,1,0.05209266221523285,0.013362885430455208,6.25e-05,13.941528899595141,14.040935233028161,892.257849574089,761111040,805306368
437,21850,1000,50,20,20,1,0.05252345871925354,0.013469280883669853,6.25e-05,13.631151299923658,14.040028195652377,858.7625318951905,761111040,805306368
438,21900,1000,50,20,20,1,0.05144026339054108,0.013193231761455535,6.25e-05,13.942830999847502,14.039811813470282,864.4555219905451,761111040,805306368
439,21950,1000,50,20,20,1,0.05241957694292068,0.013443830594420433,6.25e-05,13.558060099836439,14.038798084738186,827.0416660900228,761111040,805306368
440,22000,1000,50,20,20,1,0.05146459656953812,0.013198430582880973,6.25e-05,13.61377889988944,14.037837618181948,816.8267339933664,761111040,805306368
441,22050,1000,50,20,20,1,0.05217392104864121,0.013383406639099121,6.25e-05,13.18851250037551,14.038084766894046,778.122237522155,761111040,805306368
442,22100,1000,50,20,20,1,0.05132984203100204,0.013166341111063956,6.25e-05,13.510736699681729,14.036938625792404,783.6227285815403,761111040,805306368
443,22150,1000,50,20,20,1,0.05330249577760696,0.013668661251664162,6.25e-05,13.635477600153536,14.036086181038886,777.2222232087515,761111040,805306368
444,22200,1000,50,20,20,1,0.054834307849407196,0.014063268393278122,6.25e-05,13.893484599888325,14.035844182433049,778.0351375937462,761111040,805306368
445,22250,1000,50,20,20,1,0.05240235662460327,0.013443818137049675,6.25e-05,13.750043400097638,14.035244362247752,756.2523870053701,761111040,805306368
446,22300,1000,50,20,20,1,0.051025310754776,0.013084675639867782,6.25e-05,13.412786499597132,14.0338582033636,724.2904709782451,761111040,805306368
447,22350,1000,50,20,20,1,0.05276454257965088,0.013533592119812966,6.25e-05,14.082066900096834,14.03401465190187,746.3495457051322,761111040,805306368
448,22400,1000,50,20,20,1,0.05261145061254501,0.013483562126755715,6.25e-05,13.755158399697393,14.033434981027053,715.2682367842644,761111040,805306368
449,22450,1000,50,20,20,1,0.05165375530719757,0.01325939755141735,6.25e-05,13.984909099992365,14.033337416480977,713.2303640996106,761111040,805306368
450,22500,1000,50,20,20,1,0.051947227597236634,0.013323782965540886,6.25e-05,14.445045500062406,14.03426021955597,722.2522750031203,761111040,805306368
451,22550,1000,50,20,20,1,0.05274532240629196,0.013531087413430214,6.25e-05,14.100374499801546,14.036546687583156,690.9183504902758,761111040,805306368
452,22600,1000,50,20,20,1,0.05238746893405914,0.01343465070426464,6.25e-05,14.5976698002778,14.037793436725376,700.6881504133344,761111040,805306368
453,22650,1000,50,20,20,1,0.05186940836906433,0.013301113352179527,6.25e-05,14.240026200190187,14.038284127373315,669.2812314089388,761111040,805306368
454,22700,1000,50,20,20,1,0.05203828376531601,0.013349107936024666,6.25e-05,14.233173300046474,14.038757775330687,654.7259718021378,761111040,805306368
455,22750,1000,50,20,20,1,0.05218187630176544,0.013384038865566253,6.25e-05,13.812942400109023,14.03830778417638,621.582408004906,761111040,805306368
456,22800,1000,50,20,20,1,0.051542025923728946,0.0132182886749506,6.25e-05,14.093612199649215,14.038475695175421,620.1189367845654,761111040,805306368
457,22850,1000,50,20,20,1,0.05205463123321533,0.013347927570343018,6.25e-05,13.75641669984907,14.037901779869062,591.52591809351,761111040,805306368
458,22900,1000,50,20,20,1,0.05101026213169098,0.01307833245396614,6.25e-05,13.795069599989802,14.037379020305481,579.3929231995717,761111040,805306368
459,22950,1000,50,20,20,1,0.05046049869060516,0.012943636044859886,6.25e-05,13.44062040001154,14.036124883659898,551.0654364004731,761111040,805306368
460,23000,1000,50,20,20,1,0.05265536880493164,0.013505924180150033,6.25e-05,13.73983410000801,14.035525590217794,549.5933640003204,761111040,805306368
461,23050,1000,50,20,20,1,0.05303373515605927,0.013605794042348861,6.25e-05,13.938835499808192,14.03752163188722,543.6145844925195,761111040,805306368
462,23100,1000,50,20,20,1,0.05197239315509796,0.013329397931694985,6.25e-05,13.95433560013771,14.037415158225311,530.264752805233,761111040,805306368
463,23150,1000,50,20,20,1,0.05139849805831909,0.013177636682987213,6.25e-05,13.612532900180668,14.036507009287197,503.6637173066847,761111040,805306368
464,23200,1000,50,20,20,1,0.052331996738910674,0.013427173525094985,6.25e-05,13.867003400344402,14.036186250862023,499.21212241239846,761111040,805306368
465,23250,1000,50,20,20,1,0.05269784241914749,0.013518182814121246,6.25e-05,13.94038589997217,14.035987121290377,487.91350649902597,761111040,805306368
466,23300,1000,50,20,20,1,0.05213047981262207,0.013373649910092354,6.25e-05,13.86314949998632,14.035620413733598,471.3470829995349,761111040,805306368
467,23350,1000,50,20,20,1,0.05200897532701492,0.013346301540732384,6.25e-05,13.689819800201803,14.034886665953367,451.7640534066595,761111040,805306368
468,23400,1000,50,20,20,1,0.050745423138141635,0.013022973716259002,6.25e-05,13.727173900231719,14.034273222649995,439.269564807415,761111040,805306368
469,23450,1000,50,20,20,1,0.05506270986795425,0.014120295315980911,6.25e-05,13.961845200043172,14.034163679317958,432.8172012013383,761111040,805306368
470,23500,1000,50,20,20,1,0.05212520241737366,0.01337397700548172,6.25e-05,13.474623300135136,14.033019104468181,404.23869900405407,761111040,805306368
471,23550,1000,50,20,20,1,0.05110543173551559,0.013113405615091323,6.25e-05,14.05840600002557,14.035234618471291,407.69377400074154,761111040,805306368
472,23600,1000,50,20,20,1,0.051564877212047576,0.013226685985922814,6.25e-05,13.742685599718243,14.034626372669571,384.7951967921108,761111040,805306368
473,23650,1000,50,20,20,1,0.05219946789741516,0.013394108593463898,6.25e-05,14.116089900024235,14.034814160464855,381.13442730065435,761111040,805306368
474,23700,1000,50,20,20,1,0.052856292963027955,0.013556823968887329,6.25e-05,13.780644800048321,14.034282198945013,358.29676480125636,761111040,805306368
475,23750,1000,50,20,20,1,0.05108257484436035,0.013103596597909927,6.25e-05,13.717131199780852,14.033656402947871,342.9282799945213,761111040,805306368
476,23800,1000,50,20,20,1,0.051365090847015384,0.013169273987412453,6.25e-05,13.96993499994278,14.033566508613362,335.2784399986267,761111040,805306368
477,23850,1000,50,20,20,1,0.05184097731113434,0.013299198761582375,6.25e-05,14.000230399891734,14.033540650733611,322.0052991975099,761111040,805306368
478,23900,1000,50,20,20,1,0.052254683017730716,0.013405086398124695,6.25e-05,14.149564600083977,14.033827253974874,311.2904212018475,761111040,805306368
479,23950,1000,50,20,20,1,0.050413483321666716,0.012936547666788102,6.25e-05,13.616672500036657,14.03299834968674,285.9501225007698,761111040,805306368
480,24000,1000,50,20,20,1,0.05145633327960968,0.013201124161481857,6.25e-05,13.565646899864078,14.032066241041564,271.31293799728155,761111040,805306368
481,24050,1000,50,20,20,1,0.0524834298491478,0.013459454670548439,6.25e-05,13.894682500045747,14.03401320540538,263.9989675008692,761111040,805306368
482,24100,1000,50,20,20,1,0.050495069086551665,0.012947365522384643,6.25e-05,14.20677709998563,14.034414903527411,255.72198779974133,761111040,805306368
483,24150,1000,50,20,20,1,0.05109297353029251,0.013106460705399513,6.25e-05,14.189065699931234,14.034740792132343,241.21411689883098,761111040,805306368
484,24200,1000,50,20,20,1,0.050666642189025876,0.0129951131939888,6.25e-05,14.102621300145984,14.034922803719413,225.64194080233574,761111040,805306368
485,24250,1000,50,20,20,1,0.05225635641813278,0.0134080823212862,6.25e-05,14.097063799854368,14.03505953773184,211.45595699781552,761111040,805306368
486,24300,1000,50,20,20,1,0.0521412171125412,0.013377859249711037,6.25e-05,14.172524600289762,14.035356108436492,198.41534440405667,761111040,805306368
487,24350,1000,50,20,20,1,0.05128997510671616,0.013156559705734252,6.25e-05,14.290648399852216,14.03589236447626,185.7784291980788,761111040,805306368
488,24400,1000,50,20,20,1,0.05132898032665253,0.013170107141137123,6.25e-05,14.211869899649173,14.036262647745955,170.54243879579008,761111040,805306368
489,24450,1000,50,20,20,1,0.050270250082015994,0.012897935569286346,6.25e-05,14.131715099792928,14.036469063190228,155.4488660977222,761111040,805306368
490,24500,1000,50,20,20,1,0.051023999333381656,0.013081978037953378,6.25e-05,14.008937300182879,14.036420831632592,140.0893730018288,761111040,805306368
491,24550,1000,50,20,20,1,0.051946467280387876,0.013330187857151031,6.25e-05,13.966101399622858,14.0385802596743,125.69491259660572,761111040,805306368
492,24600,1000,50,20,20,1,0.05091896456480026,0.013065345987677574,6.25e-05,14.022891700267792,14.038560075609665,112.18313360214233,761111040,805306368
493,24650,1000,50,20,20,1,0.051909177958965304,0.013318834230303764,6.25e-05,13.966460899915546,14.038426054361075,97.76522629940882,761111040,805306368
494,24700,1000,50,20,20,1,0.05120097726583481,0.013137617781758308,6.25e-05,14.202979899942875,14.038770034817812,85.21787939965725,761111040,805306368
495,24750,1000,50,20,20,1,0.0519117277264595,0.013322008669376374,6.25e-05,13.842655399814248,14.038382460202344,69.21327699907124,761111040,805306368
496,24800,1000,50,20,20,1,0.05202861046791077,0.013346867948770522,6.25e-05,13.746222499758005,14.037803795564198,54.98488999903202,761111040,805306368
497,24850,1000,50,20,20,1,0.05182781493663788,0.013294174075126649,6.25e-05,13.576913400087506,14.03688530503047,40.73074020026252,761111040,805306368
498,24900,1000,50,20,20,1,0.05166283077001572,0.013260456755757332,6.25e-05,14.199430299922824,14.037256259638554,28.398860599845648,761111040,805306368
499,24950,1000,50,20,20,1,0.0512265350818634,0.01314401513338089,6.25e-05,13.920589699875563,14.037026852304919,13.920589699875563,761111040,805306368
500,25000,1000,50,20,20,1,0.051384831607341766,0.013182135000824928,3.125e-05,13.724706400185823,14.03644296860043,0.0,761111040,805306368
