cohort,resolution,metric,experiment,method,seed,absolute_time,lead_time,population,finite_count,mean,sample_sd,median,p95,maximum
test_1040_1219,N64,full_relative_l2,M3,GIFT-Lite,20260820,5.0,0.0,180,180,0.0,0.0,0.0,0.0,0.0
test_1040_1219,N64,full_relative_l2,M3,GIFT-Lite,20260820,5.1,0.0999999999999996,180,180,0.0204788525934001,0.0041490908714913,0.0204149815712191,0.0276766530592462,0.0311704194835935
test_1040_1219,N64,full_relative_l2,M3,GIFT-Lite,20260820,5.2,0.2000000000000001,180,180,0.0283949253209346,0.0057919204464889,0.0275752595908716,0.0384867308553787,0.0444379604620873
test_1040_1219,N64,full_relative_l2,M3,GIFT-Lite,20260820,5.3,0.2999999999999998,180,180,0.0320860213874244,0.0066096093203187,0.0308554273151862,0.0442780343318715,0.0523662279806822
test_1040_1219,N64,full_relative_l2,M3,GIFT-Lite,20260820,5.4,0.4000000000000003,180,180,0.03446464317958,0.0073502674086446,0.0330934200171729,0.0480247613156447,0.0583173322018523
test_1040_1219,N64,full_relative_l2,M3,GIFT-Lite,20260820,5.5,0.5,180,180,0.0360524784808822,0.0080107893645229,0.035299385080246,0.0503470776656696,0.064926290065936
test_1040_1219,N64,full_relative_l2,M3,GIFT-Lite,20260820,5.6,0.5999999999999996,180,180,0.0373663303425404,0.0086075650790563,0.0363119505762259,0.0529100296761155,0.0694177234510512
test_1040_1219,N64,full_relative_l2,M3,GIFT-Lite,20260820,5.7,0.7000000000000002,180,180,0.0383897757086513,0.0090627840783595,0.0371257826486265,0.0557963131537208,0.0705313021978211
test_1040_1219,N64,full_relative_l2,M3,GIFT-Lite,20260820,5.8,0.7999999999999998,180,180,0.0391968010935929,0.0096023501948736,0.03827759670696,0.0591141774639333,0.0711660573694649
test_1040_1219,N64,full_relative_l2,M3,GIFT-Lite,20260820,5.9,0.9000000000000004,180,180,0.0399092482290806,0.0103504917398734,0.0386376210869098,0.058414596340985,0.0829618955796509
test_1040_1219,N64,full_relative_l2,M3,GIFT-Lite,20260820,6.0,1.0,180,180,0.0407561399596288,0.0116355569539961,0.0388754945919811,0.0580208243162648,0.1102658180070993
test_1040_1219,N64,full_relative_l2,M3,GIFT-Lite,20260821,5.0,0.0,180,180,0.0,0.0,0.0,0.0,0.0
test_1040_1219,N64,full_relative_l2,M3,GIFT-Lite,20260821,5.1,0.0999999999999996,180,180,0.0204310884091596,0.0041131187323472,0.0202553146334173,0.027753771261787,0.0307621479131975
test_1040_1219,N64,full_relative_l2,M3,GIFT-Lite,20260821,5.2,0.2000000000000001,180,180,0.028239934545572,0.0057041839964155,0.0273750858654398,0.0379067554536491,0.0449841502905755
test_1040_1219,N64,full_relative_l2,M3,GIFT-Lite,20260821,5.3,0.2999999999999998,180,180,0.031925516206202,0.0066221733518394,0.0308865919651279,0.0438555288497475,0.0538120371663985
test_1040_1219,N64,full_relative_l2,M3,GIFT-Lite,20260821,5.4,0.4000000000000003,180,180,0.0342878627258985,0.007384560171851,0.0329288650323865,0.0469996124562778,0.0618382298279009
test_1040_1219,N64,full_relative_l2,M3,GIFT-Lite,20260821,5.5,0.5,180,180,0.0359161743181861,0.0080220238618863,0.035345040808274,0.0507315250837928,0.0676974091400388
test_1040_1219,N64,full_relative_l2,M3,GIFT-Lite,20260821,5.6,0.5999999999999996,180,180,0.0372154488627677,0.0086323958083995,0.0362746169928124,0.0529559368374621,0.0711471518662185
test_1040_1219,N64,full_relative_l2,M3,GIFT-Lite,20260821,5.7,0.7000000000000002,180,180,0.038252915086529,0.0090342328732072,0.0370502541127491,0.0554616719432241,0.0713303117598497
test_1040_1219,N64,full_relative_l2,M3,GIFT-Lite,20260821,5.8,0.7999999999999998,180,180,0.0390958075001159,0.0095538419495797,0.0379310083584274,0.0588009534371649,0.0708721154488104
test_1040_1219,N64,full_relative_l2,M3,GIFT-Lite,20260821,5.9,0.9000000000000004,180,180,0.0398299058637021,0.0102994801223828,0.0383396288029855,0.0583809182587902,0.0827522977214477
test_1040_1219,N64,full_relative_l2,M3,GIFT-Lite,20260821,6.0,1.0,180,180,0.0406654955323267,0.0115685373081292,0.0388204432263665,0.0579110900776179,0.1099124843726618
test_1040_1219,N64,full_relative_l2,M3,GIFT-Lite,20260822,5.0,0.0,180,180,0.0,0.0,0.0,0.0,0.0
test_1040_1219,N64,full_relative_l2,M3,GIFT-Lite,20260822,5.1,0.0999999999999996,180,180,0.0205010253461331,0.004133434687985,0.0203757697415306,0.0279919318047088,0.031414550690808
test_1040_1219,N64,full_relative_l2,M3,GIFT-Lite,20260822,5.2,0.2000000000000001,180,180,0.0284450666365461,0.0057453118841429,0.02760475086317,0.0383977205281777,0.0445299427545884
test_1040_1219,N64,full_relative_l2,M3,GIFT-Lite,20260822,5.3,0.2999999999999998,180,180,0.0322052607481468,0.0066461935406683,0.031182590529087,0.0440720508195268,0.0536006485318074
test_1040_1219,N64,full_relative_l2,M3,GIFT-Lite,20260822,5.4,0.4000000000000003,180,180,0.0345839683561851,0.0073409529780835,0.0332124770803749,0.0480661235484992,0.0583077339404342
test_1040_1219,N64,full_relative_l2,M3,GIFT-Lite,20260822,5.5,0.5,180,180,0.0362132735526673,0.0079686621838204,0.0352962490060669,0.0500288639583573,0.0655913434451598
test_1040_1219,N64,full_relative_l2,M3,GIFT-Lite,20260822,5.6,0.5999999999999996,180,180,0.0375634795046389,0.0086051011706115,0.036703674763429,0.0531309674486618,0.070691530100868
test_1040_1219,N64,full_relative_l2,M3,GIFT-Lite,20260822,5.7,0.7000000000000002,180,180,0.0385738987314334,0.009085078678778,0.03728126229791,0.0565977812788404,0.0720779025996106
test_1040_1219,N64,full_relative_l2,M3,GIFT-Lite,20260822,5.8,0.7999999999999998,180,180,0.0393379246548363,0.0096198590784987,0.0383007495947316,0.0594804508274239,0.0720834949502767
test_1040_1219,N64,full_relative_l2,M3,GIFT-Lite,20260822,5.9,0.9000000000000004,180,180,0.0400364047882855,0.0103654877657266,0.0385198514801781,0.0584668912209219,0.0829413050799858
test_1040_1219,N64,full_relative_l2,M3,GIFT-Lite,20260822,6.0,1.0,180,180,0.0408684981668373,0.0116608554281949,0.0387803509689255,0.0578390171686294,0.1099955493600471
test_1040_1219,N64,full_relative_l2,M3,FNO-2D,fixed,5.0,0.0,180,180,0.0,0.0,0.0,0.0,0.0
test_1040_1219,N64,full_relative_l2,M3,FNO-2D,fixed,5.1,0.0999999999999996,180,180,0.1750429034165993,0.0237572422413299,0.1749579577886106,0.2164279306895829,0.2373549106426726
test_1040_1219,N64,full_relative_l2,M3,FNO-2D,fixed,5.2,0.2000000000000001,180,180,0.1914722598401026,0.0251173075083378,0.1910909547597502,0.2322171778084346,0.2729528540862751
test_1040_1219,N64,full_relative_l2,M3,FNO-2D,fixed,5.3,0.2999999999999998,180,180,0.2020773518122012,0.0265519991629937,0.2022695808226975,0.2433060520397097,0.3369795292773582
test_1040_1219,N64,full_relative_l2,M3,FNO-2D,fixed,5.4,0.4000000000000003,180,180,0.2138049036393431,0.0293159504601839,0.2117116629356152,0.2542336919943752,0.4043945076561762
test_1040_1219,N64,full_relative_l2,M3,FNO-2D,fixed,5.5,0.5,180,180,0.2210379764284518,0.0320163382940393,0.2183893340805873,0.265938408313105,0.4476752262958789
test_1040_1219,N64,full_relative_l2,M3,FNO-2D,fixed,5.6,0.5999999999999996,180,180,0.2297544529207857,0.0338290441724339,0.2260590151787966,0.2763309929200932,0.471127479107117
test_1040_1219,N64,full_relative_l2,M3,FNO-2D,fixed,5.7,0.7000000000000002,180,180,0.2386428548580696,0.035033925031749,0.2361272961838498,0.2850738003398969,0.4798157698436997
test_1040_1219,N64,full_relative_l2,M3,FNO-2D,fixed,5.8,0.7999999999999998,180,180,0.2496189459607927,0.0370135122981031,0.2476691645723792,0.3025898129605614,0.4832391093454893
test_1040_1219,N64,full_relative_l2,M3,FNO-2D,fixed,5.9,0.9000000000000004,180,180,0.2595297967119158,0.0393359608871417,0.256138908784111,0.3238789067018194,0.4701183120615112
test_1040_1219,N64,full_relative_l2,M3,FNO-2D,fixed,6.0,1.0,180,180,0.2714673043535317,0.042230182470055,0.2667282704991632,0.347176582876909,0.4603982947038978
test_1040_1219,N64,full_relative_l2,M3,FNO-3D,fixed,5.0,0.0,180,180,0.0,0.0,0.0,0.0,0.0
test_1040_1219,N64,full_relative_l2,M3,FNO-3D,fixed,5.1,0.0999999999999996,180,180,0.1685118798708076,0.0239799233518801,0.1693340544578876,0.2115888220765388,0.2258580507784223
test_1040_1219,N64,full_relative_l2,M3,FNO-3D,fixed,5.2,0.2000000000000001,180,180,0.2467390687113904,0.0338234032440077,0.2508459078793287,0.2995204278926461,0.3321547994921597
test_1040_1219,N64,full_relative_l2,M3,FNO-3D,fixed,5.3,0.2999999999999998,180,180,0.2756394422676756,0.0320476851390191,0.2752287151970864,0.3251854642748765,0.3646839813622289
test_1040_1219,N64,full_relative_l2,M3,FNO-3D,fixed,5.4,0.4000000000000003,180,180,0.2942783826899884,0.0329606634147881,0.2936166755364185,0.3469713657709512,0.4116981187787359
test_1040_1219,N64,full_relative_l2,M3,FNO-3D,fixed,5.5,0.5,180,180,0.3151749467303842,0.0351888745045996,0.3168321605872417,0.3718771091246355,0.4584938227698486
test_1040_1219,N64,full_relative_l2,M3,FNO-3D,fixed,5.6,0.5999999999999996,180,180,0.3396782534252135,0.0378406854563848,0.341800220969893,0.39751473274108,0.496196153975956
test_1040_1219,N64,full_relative_l2,M3,FNO-3D,fixed,5.7,0.7000000000000002,180,180,0.3660175475707656,0.0414381089563447,0.3670418541321164,0.4324159393577572,0.5292577318525675
test_1040_1219,N64,full_relative_l2,M3,FNO-3D,fixed,5.8,0.7999999999999998,180,180,0.3932057381144225,0.0458377205677438,0.3920503236149246,0.4672465932592812,0.5572805461995667
test_1040_1219,N64,full_relative_l2,M3,FNO-3D,fixed,5.9,0.9000000000000004,180,180,0.421500871305497,0.0503765185516156,0.4188002081126968,0.5039496008531176,0.5804474131790606
test_1040_1219,N64,full_relative_l2,M3,FNO-3D,fixed,6.0,1.0,180,180,0.4506821852143042,0.054430601994863,0.4461737396800613,0.5448834525799763,0.5991701710018671
test_1040_1219,N96,full_relative_l2,M3,GIFT-Lite,20260820,5.0,0.0,180,180,0.0,0.0,0.0,0.0,0.0
test_1040_1219,N96,full_relative_l2,M3,GIFT-Lite,20260820,5.1,0.0999999999999996,180,180,0.0191246176946441,0.0038244380818915,0.0190851738576374,0.025730485885316,0.0287103194775203
test_1040_1219,N96,full_relative_l2,M3,GIFT-Lite,20260820,5.2,0.2000000000000001,180,180,0.0267294069488255,0.00530912235931,0.0262008007538427,0.0356854493977772,0.0404159567301973
test_1040_1219,N96,full_relative_l2,M3,GIFT-Lite,20260820,5.3,0.2999999999999998,180,180,0.0304320841171258,0.0061615035613539,0.02941983301954,0.0413760236292298,0.0494434767264499
test_1040_1219,N96,full_relative_l2,M3,GIFT-Lite,20260820,5.4,0.4000000000000003,180,180,0.0327996908088978,0.0069057832246026,0.0319671436522257,0.0447500162520014,0.0536700668795553
test_1040_1219,N96,full_relative_l2,M3,GIFT-Lite,20260820,5.5,0.5,180,180,0.034519282449995,0.007659479492084,0.033695151001069,0.0479271523696712,0.0606926259586532
test_1040_1219,N96,full_relative_l2,M3,GIFT-Lite,20260820,5.6,0.5999999999999996,180,180,0.035969169852538,0.008334768862315,0.0348283838847564,0.0509533421342092,0.0660704532233476
test_1040_1219,N96,full_relative_l2,M3,GIFT-Lite,20260820,5.7,0.7000000000000002,180,180,0.0370928050729214,0.0087905252270636,0.0356082558320877,0.0541353760534518,0.0675353637605669
test_1040_1219,N96,full_relative_l2,M3,GIFT-Lite,20260820,5.8,0.7999999999999998,180,180,0.03799828291267,0.0093137804076776,0.0364878604494129,0.0579741307328215,0.0685129558889074
test_1040_1219,N96,full_relative_l2,M3,GIFT-Lite,20260820,5.9,0.9000000000000004,180,180,0.038843382949994,0.0100875785718611,0.0375864944144953,0.0580879393611817,0.0789227986184582
test_1040_1219,N96,full_relative_l2,M3,GIFT-Lite,20260820,6.0,1.0,180,180,0.0397851481042525,0.0113484749279647,0.0378584249407967,0.0576428904414457,0.1042317921021215
test_1040_1219,N96,full_relative_l2,M3,GIFT-Lite,20260821,5.0,0.0,180,180,0.0,0.0,0.0,0.0,0.0
test_1040_1219,N96,full_relative_l2,M3,GIFT-Lite,20260821,5.1,0.0999999999999996,180,180,0.0189670435344925,0.003719838434365,0.0186482954121229,0.0253744179653194,0.0280746332494877
test_1040_1219,N96,full_relative_l2,M3,GIFT-Lite,20260821,5.2,0.2000000000000001,180,180,0.0264608975499734,0.005202050764168,0.0257974286748699,0.0350231752646996,0.0423785564119186
test_1040_1219,N96,full_relative_l2,M3,GIFT-Lite,20260821,5.3,0.2999999999999998,180,180,0.0301221393650381,0.0060911118106494,0.0291439102869134,0.0409055549156663,0.0517791745262894
test_1040_1219,N96,full_relative_l2,M3,GIFT-Lite,20260821,5.4,0.4000000000000003,180,180,0.0325298642350644,0.0068741469880654,0.0318580801501317,0.0445341027746536,0.0546669901368888
test_1040_1219,N96,full_relative_l2,M3,GIFT-Lite,20260821,5.5,0.5,180,180,0.0343208156599636,0.0076291241828546,0.0337688837852479,0.0481117678541786,0.0619925510566745
test_1040_1219,N96,full_relative_l2,M3,GIFT-Lite,20260821,5.6,0.5999999999999996,180,180,0.0358036734315629,0.0083276250070118,0.0344576737291321,0.050765027349286,0.0668508772823101
test_1040_1219,N96,full_relative_l2,M3,GIFT-Lite,20260821,5.7,0.7000000000000002,180,180,0.0369788412006386,0.0087908626282143,0.0355469506819066,0.0543482506818334,0.0680057354531549
test_1040_1219,N96,full_relative_l2,M3,GIFT-Lite,20260821,5.8,0.7999999999999998,180,180,0.037896487241162,0.0093152193345947,0.0363549012591615,0.0583337383060096,0.0683847544663404
test_1040_1219,N96,full_relative_l2,M3,GIFT-Lite,20260821,5.9,0.9000000000000004,180,180,0.0387447860757992,0.0100439213680105,0.0373064298498187,0.0573942727505668,0.0786856604316617
test_1040_1219,N96,full_relative_l2,M3,GIFT-Lite,20260821,6.0,1.0,180,180,0.0396756121173941,0.0112593653580469,0.0377877277368694,0.0572667251309276,0.1038687264292045
test_1040_1219,N96,full_relative_l2,M3,GIFT-Lite,20260822,5.0,0.0,180,180,0.0,0.0,0.0,0.0,0.0
test_1040_1219,N96,full_relative_l2,M3,GIFT-Lite,20260822,5.1,0.0999999999999996,180,180,0.0190495860422311,0.0037692977164209,0.0189595793357224,0.0255324347993921,0.0283069729259792
test_1040_1219,N96,full_relative_l2,M3,GIFT-Lite,20260822,5.2,0.2000000000000001,180,180,0.0266194738499109,0.0052479641620096,0.025783220301515,0.0355457226263631,0.0414731367884892
test_1040_1219,N96,full_relative_l2,M3,GIFT-Lite,20260822,5.3,0.2999999999999998,180,180,0.0303127095120416,0.006078375147676,0.0295322403153017,0.0414239888453653,0.0489883457933976
test_1040_1219,N96,full_relative_l2,M3,GIFT-Lite,20260822,5.4,0.4000000000000003,180,180,0.0327190377251211,0.0067800920336445,0.0317630655183955,0.0447813458962737,0.0530587173311427
test_1040_1219,N96,full_relative_l2,M3,GIFT-Lite,20260822,5.5,0.5,180,180,0.034544100574875,0.0075779438285432,0.0336252769050318,0.0474114122851574,0.061074127693995
test_1040_1219,N96,full_relative_l2,M3,GIFT-Lite,20260822,5.6,0.5999999999999996,180,180,0.0360982152528446,0.0083348163327779,0.0348147765362425,0.050853529281325,0.0665228667964053
test_1040_1219,N96,full_relative_l2,M3,GIFT-Lite,20260822,5.7,0.7000000000000002,180,180,0.0372216565823476,0.008811809228009,0.035709812068293,0.0547975399929588,0.0678533538648239
test_1040_1219,N96,full_relative_l2,M3,GIFT-Lite,20260822,5.8,0.7999999999999998,180,180,0.0380692913727148,0.0093399655138665,0.0365837431170045,0.0581005924765334,0.0686088903790742
test_1040_1219,N96,full_relative_l2,M3,GIFT-Lite,20260822,5.9,0.9000000000000004,180,180,0.0388865489242497,0.0100854478670622,0.0374677046153043,0.0580981053779912,0.0789135762739372
test_1040_1219,N96,full_relative_l2,M3,GIFT-Lite,20260822,6.0,1.0,180,180,0.039802551109885,0.0113068065245768,0.0378758725649692,0.0574247300300943,0.1040327677528609
test_1040_1219,N96,full_relative_l2,M3,FNO-2D,fixed,5.0,0.0,180,180,0.0,0.0,0.0,0.0,0.0
test_1040_1219,N96,full_relative_l2,M3,FNO-2D,fixed,5.1,0.0999999999999996,180,180,0.1744649623047915,0.0237229378527827,0.1741033854259917,0.2156863244683476,0.2370705697273248
test_1040_1219,N96,full_relative_l2,M3,FNO-2D,fixed,5.2,0.2000000000000001,180,180,0.1909499574132441,0.025063150588404,0.1903941859320643,0.2320319195971167,0.271688204690428
test_1040_1219,N96,full_relative_l2,M3,FNO-2D,fixed,5.3,0.2999999999999998,180,180,0.2015948633784418,0.0264616988655266,0.202007797465075,0.2418002700574589,0.336311051321392
test_1040_1219,N96,full_relative_l2,M3,FNO-2D,fixed,5.4,0.4000000000000003,180,180,0.213380921832508,0.0292367605111545,0.2112204349149717,0.2539813335093676,0.4035990900416328
test_1040_1219,N96,full_relative_l2,M3,FNO-2D,fixed,5.5,0.5,180,180,0.2206476992387328,0.0319382432336021,0.2179377451691183,0.2653865244504954,0.4477056812292432
test_1040_1219,N96,full_relative_l2,M3,FNO-2D,fixed,5.6,0.5999999999999996,180,180,0.2293776589803944,0.0337712052382655,0.2259832219649249,0.2761935632420474,0.4714335268311556
test_1040_1219,N96,full_relative_l2,M3,FNO-2D,fixed,5.7,0.7000000000000002,180,180,0.2383175427405545,0.0350068645547149,0.2353959352452428,0.2848311041610321,0.4803534613025171
test_1040_1219,N96,full_relative_l2,M3,FNO-2D,fixed,5.8,0.7999999999999998,180,180,0.2493439873929107,0.0369894260663116,0.2473529023061798,0.3010501279009986,0.483975749960201
test_1040_1219,N96,full_relative_l2,M3,FNO-2D,fixed,5.9,0.9000000000000004,180,180,0.2592418380873023,0.0392509755494769,0.2556955929845566,0.3231121044503049,0.4703474706179202
test_1040_1219,N96,full_relative_l2,M3,FNO-2D,fixed,6.0,1.0,180,180,0.2711991538914999,0.0421286286405987,0.2673292825120839,0.3463122934530177,0.4601468765488905
test_1040_1219,N96,full_relative_l2,M3,FNO-3D,fixed,5.0,0.0,180,180,0.0,0.0,0.0,0.0,0.0
test_1040_1219,N96,full_relative_l2,M3,FNO-3D,fixed,5.1,0.0999999999999996,180,180,0.167893658797593,0.0239692547693851,0.1687244108823326,0.2111932934605934,0.2253262843533892
test_1040_1219,N96,full_relative_l2,M3,FNO-3D,fixed,5.2,0.2000000000000001,180,180,0.2461395215175096,0.0338624383056966,0.2499382967222459,0.2993241365702223,0.3316146218867687
test_1040_1219,N96,full_relative_l2,M3,FNO-3D,fixed,5.3,0.2999999999999998,180,180,0.2753005750954527,0.0319895746484263,0.2748898156022847,0.3247663684313883,0.3635867992502027
test_1040_1219,N96,full_relative_l2,M3,FNO-3D,fixed,5.4,0.4000000000000003,180,180,0.294246551737723,0.0329754931864412,0.2932965600793662,0.3462356134947668,0.4109501323116922
test_1040_1219,N96,full_relative_l2,M3,FNO-3D,fixed,5.5,0.5,180,180,0.3152528798137037,0.0353204845605768,0.3164076939260198,0.3732119878297238,0.4577542133954123
test_1040_1219,N96,full_relative_l2,M3,FNO-3D,fixed,5.6,0.5999999999999996,180,180,0.3400028208956863,0.038104759195233,0.3417802257317227,0.3999490343397021,0.4972928228843256
test_1040_1219,N96,full_relative_l2,M3,FNO-3D,fixed,5.7,0.7000000000000002,180,180,0.366435956467957,0.0418092144559082,0.3673751528614836,0.4338435234122326,0.5321202821720283
test_1040_1219,N96,full_relative_l2,M3,FNO-3D,fixed,5.8,0.7999999999999998,180,180,0.3936163804125508,0.0462296254007083,0.3930255726702821,0.4693519812213149,0.5611501487867515
test_1040_1219,N96,full_relative_l2,M3,FNO-3D,fixed,5.9,0.9000000000000004,180,180,0.421938742934668,0.0507086049442021,0.4179782505439706,0.5055890020550259,0.5837293733745186
test_1040_1219,N96,full_relative_l2,M3,FNO-3D,fixed,6.0,1.0,180,180,0.4511807399880764,0.0547684413158056,0.4458191010972316,0.5480404684703241,0.6013793989691332
test_1040_1219,N128,full_relative_l2,M3,GIFT-Lite,20260820,5.0,0.0,180,180,0.0,0.0,0.0,0.0,0.0
test_1040_1219,N128,full_relative_l2,M3,GIFT-Lite,20260820,5.1,0.0999999999999996,180,180,0.0190918915026226,0.0038072605738804,0.0190704423388174,0.025583629723811,0.0286136135656223
test_1040_1219,N128,full_relative_l2,M3,GIFT-Lite,20260820,5.2,0.2000000000000001,180,180,0.0266933631401175,0.0052860312966253,0.0261646151442697,0.0356011742734135,0.0402545930785849
test_1040_1219,N128,full_relative_l2,M3,GIFT-Lite,20260820,5.3,0.2999999999999998,180,180,0.0303922529049741,0.006135433915334,0.0294222564425549,0.0410972543111833,0.0493417311724492
test_1040_1219,N128,full_relative_l2,M3,GIFT-Lite,20260820,5.4,0.4000000000000003,180,180,0.0327594338913603,0.00688539027313,0.0319294576688506,0.0447062154243462,0.0536008376047197
test_1040_1219,N128,full_relative_l2,M3,GIFT-Lite,20260820,5.5,0.5,180,180,0.034482178840263,0.0076445321985021,0.0335967451100241,0.0478859112677819,0.0606656714132248
test_1040_1219,N128,full_relative_l2,M3,GIFT-Lite,20260820,5.6,0.5999999999999996,180,180,0.0359369157855013,0.0083239276282146,0.0348285708951379,0.0509193499944464,0.066054245565573
test_1040_1219,N128,full_relative_l2,M3,GIFT-Lite,20260820,5.7,0.7000000000000002,180,180,0.0370677784075393,0.0087837135948409,0.0355780007245734,0.0541011134179626,0.0675151856606332
test_1040_1219,N128,full_relative_l2,M3,GIFT-Lite,20260820,5.8,0.7999999999999998,180,180,0.0379790855591511,0.0093102682464672,0.0364778405222273,0.0579505631559051,0.0685006911441248
test_1040_1219,N128,full_relative_l2,M3,GIFT-Lite,20260820,5.9,0.9000000000000004,180,180,0.0388292850573476,0.0100878872551063,0.0375834024708173,0.0580922835093985,0.0789444904293525
test_1040_1219,N128,full_relative_l2,M3,GIFT-Lite,20260820,6.0,1.0,180,180,0.0397712998445146,0.0113493906568637,0.037849580274158,0.0576416224785707,0.1042603454726022
test_1040_1219,N128,full_relative_l2,M3,GIFT-Lite,20260821,5.0,0.0,180,180,0.0,0.0,0.0,0.0,0.0
test_1040_1219,N128,full_relative_l2,M3,GIFT-Lite,20260821,5.1,0.0999999999999996,180,180,0.0189374176301143,0.0037033355064619,0.0186420824271786,0.0253036250244542,0.0279809530431047
test_1040_1219,N128,full_relative_l2,M3,GIFT-Lite,20260821,5.2,0.2000000000000001,180,180,0.0264288965264041,0.0051856717120131,0.0257585201333269,0.0349711553288597,0.0423335530150975
test_1040_1219,N128,full_relative_l2,M3,GIFT-Lite,20260821,5.3,0.2999999999999998,180,180,0.0300884551218311,0.0060694859007659,0.0291074130902487,0.0408540898007793,0.0513341984344716
test_1040_1219,N128,full_relative_l2,M3,GIFT-Lite,20260821,5.4,0.4000000000000003,180,180,0.0324973348592973,0.0068567567346961,0.0318081006022263,0.0445249093337211,0.0544825162555602
test_1040_1219,N128,full_relative_l2,M3,GIFT-Lite,20260821,5.5,0.5,180,180,0.0342956633137629,0.0076192120414703,0.0337595890256021,0.0480510813524127,0.0619312801343289
test_1040_1219,N128,full_relative_l2,M3,GIFT-Lite,20260821,5.6,0.5999999999999996,180,180,0.0357827831242672,0.00832422973931,0.0344468363049407,0.0507424587950011,0.066821183372626
test_1040_1219,N128,full_relative_l2,M3,GIFT-Lite,20260821,5.7,0.7000000000000002,180,180,0.0369605025785967,0.0087901323026192,0.0355135532822409,0.0543154843196175,0.0679986239715598
test_1040_1219,N128,full_relative_l2,M3,GIFT-Lite,20260821,5.8,0.7999999999999998,180,180,0.0378802868349906,0.0093136036242899,0.0363526085258472,0.0583318480510563,0.0683691896530675
test_1040_1219,N128,full_relative_l2,M3,GIFT-Lite,20260821,5.9,0.9000000000000004,180,180,0.0387302234348052,0.0100424820603399,0.0373015515114184,0.057463927943424,0.0787106560238934
test_1040_1219,N128,full_relative_l2,M3,GIFT-Lite,20260821,6.0,1.0,180,180,0.0396630004619711,0.01126125266444,0.0377817632846952,0.0572698674669972,0.1039016259788983
test_1040_1219,N128,full_relative_l2,M3,GIFT-Lite,20260822,5.0,0.0,180,180,0.0,0.0,0.0,0.0,0.0
test_1040_1219,N128,full_relative_l2,M3,GIFT-Lite,20260822,5.1,0.0999999999999996,180,180,0.0190179086128324,0.0037520324006461,0.0189453598686523,0.0254660720258906,0.0282450611316324
test_1040_1219,N128,full_relative_l2,M3,GIFT-Lite,20260822,5.2,0.2000000000000001,180,180,0.0265834302732555,0.0052260437545416,0.0257746535849513,0.0354830107660153,0.0412333701066918
test_1040_1219,N128,full_relative_l2,M3,GIFT-Lite,20260822,5.3,0.2999999999999998,180,180,0.0302827085321312,0.0060608556683418,0.029507285518391,0.0413297100788508,0.0487958302849206
test_1040_1219,N128,full_relative_l2,M3,GIFT-Lite,20260822,5.4,0.4000000000000003,180,180,0.0326922206621849,0.006764993263693,0.0317671117277455,0.0447662544377388,0.0529844697187034
test_1040_1219,N128,full_relative_l2,M3,GIFT-Lite,20260822,5.5,0.5,180,180,0.0345221237551294,0.0075685000433381,0.0336214840741083,0.0473610519830809,0.0610256391991256
test_1040_1219,N128,full_relative_l2,M3,GIFT-Lite,20260822,5.6,0.5999999999999996,180,180,0.0360792426619587,0.0083281912886153,0.0347745919860846,0.050821514217988,0.0665037995053769
test_1040_1219,N128,full_relative_l2,M3,GIFT-Lite,20260822,5.7,0.7000000000000002,180,180,0.0372039740461491,0.0088073583179276,0.0356914890964453,0.0547892153867913,0.0678393900855608
test_1040_1219,N128,full_relative_l2,M3,GIFT-Lite,20260822,5.8,0.7999999999999998,180,180,0.0380537345892078,0.0093342790047854,0.0365874901575502,0.0580789343846453,0.0685794222696633
test_1040_1219,N128,full_relative_l2,M3,GIFT-Lite,20260822,5.9,0.9000000000000004,180,180,0.0388742906549989,0.0100833045285235,0.0374646687469337,0.0580974879991659,0.078932845491943
test_1040_1219,N128,full_relative_l2,M3,GIFT-Lite,20260822,6.0,1.0,180,180,0.0397915216173867,0.0113083412672694,0.0378690911511333,0.0574280069245505,0.104062885248374
test_1040_1219,N128,full_relative_l2,M3,FNO-2D,fixed,5.0,0.0,180,180,0.0,0.0,0.0,0.0,0.0
test_1040_1219,N128,full_relative_l2,M3,FNO-2D,fixed,5.1,0.0999999999999996,180,180,0.1746451181298157,0.0237241459811789,0.1746907634764692,0.2157053560634,0.236926991033569
test_1040_1219,N128,full_relative_l2,M3,FNO-2D,fixed,5.2,0.2000000000000001,180,180,0.1911409693622188,0.0250727305950991,0.1905481389760032,0.2322094837431055,0.2716147488901619
test_1040_1219,N128,full_relative_l2,M3,FNO-2D,fixed,5.3,0.2999999999999998,180,180,0.2017829108030052,0.0264882459467598,0.2022546090160228,0.2418693395566477,0.3364224613827826
test_1040_1219,N128,full_relative_l2,M3,FNO-2D,fixed,5.4,0.4000000000000003,180,180,0.2135475574627346,0.0292625565648071,0.2112465866327011,0.2540992080492429,0.403948495749628
test_1040_1219,N128,full_relative_l2,M3,FNO-2D,fixed,5.5,0.5,180,180,0.2208070860874778,0.03195801968673,0.2181613872017617,0.2654349143771535,0.4475947557256026
test_1040_1219,N128,full_relative_l2,M3,FNO-2D,fixed,5.6,0.5999999999999996,180,180,0.2295356932870405,0.0337907950167422,0.2259439562780282,0.276091619459345,0.4717535894428992
test_1040_1219,N128,full_relative_l2,M3,FNO-2D,fixed,5.7,0.7000000000000002,180,180,0.2384700924600462,0.0349975495004669,0.2355677361181083,0.2852482884690108,0.4802268129878775
test_1040_1219,N128,full_relative_l2,M3,FNO-2D,fixed,5.8,0.7999999999999998,180,180,0.2494723294475369,0.0369743203572936,0.2473907066572699,0.3018378146392185,0.483697821102704
test_1040_1219,N128,full_relative_l2,M3,FNO-2D,fixed,5.9,0.9000000000000004,180,180,0.2593339163495506,0.0392336974726666,0.2557568678940713,0.3235802348368233,0.4706924572985411
test_1040_1219,N128,full_relative_l2,M3,FNO-2D,fixed,6.0,1.0,180,180,0.2712951470911529,0.0421040832686769,0.2674188348467239,0.3469641420165044,0.4606724124471629
test_1040_1219,N128,full_relative_l2,M3,FNO-3D,fixed,5.0,0.0,180,180,0.0,0.0,0.0,0.0,0.0
test_1040_1219,N128,full_relative_l2,M3,FNO-3D,fixed,5.1,0.0999999999999996,180,180,0.1678688087858499,0.0239715976302582,0.1687783926357475,0.2109875058185222,0.22562083614224
test_1040_1219,N128,full_relative_l2,M3,FNO-3D,fixed,5.2,0.2000000000000001,180,180,0.2461580627756686,0.0338848601377014,0.2500652954768189,0.2994395867072089,0.3320036708444173
test_1040_1219,N128,full_relative_l2,M3,FNO-3D,fixed,5.3,0.2999999999999998,180,180,0.2754529839663359,0.0319899864159746,0.275364782416193,0.3247388800323715,0.3634574126333066
test_1040_1219,N128,full_relative_l2,M3,FNO-3D,fixed,5.4,0.4000000000000003,180,180,0.2946700637922338,0.0330093711852554,0.293632472977966,0.3466262571425178,0.4107937967828649
test_1040_1219,N128,full_relative_l2,M3,FNO-3D,fixed,5.5,0.5,180,180,0.315897950311088,0.0354031204154591,0.316360916782774,0.3739506546185839,0.4578029037507963
test_1040_1219,N128,full_relative_l2,M3,FNO-3D,fixed,5.6,0.5999999999999996,180,180,0.3408982735833364,0.0382414176077968,0.3421641901354293,0.4028585963620918,0.4982477733389142
test_1040_1219,N128,full_relative_l2,M3,FNO-3D,fixed,5.7,0.7000000000000002,180,180,0.3674891687337766,0.041980115872625,0.3685186790933695,0.4351055547724703,0.5339048994529891
test_1040_1219,N128,full_relative_l2,M3,FNO-3D,fixed,5.8,0.7999999999999998,180,180,0.3947236488356066,0.04638026375316,0.3935632989125915,0.4717632215280277,0.5633409294558276
test_1040_1219,N128,full_relative_l2,M3,FNO-3D,fixed,5.9,0.9000000000000004,180,180,0.4230904641983242,0.0508142072394284,0.4187691485736353,0.5077125636391886,0.5857977670550345
test_1040_1219,N128,full_relative_l2,M3,FNO-3D,fixed,6.0,1.0,180,180,0.4523522484240324,0.0548480742642595,0.4473099782858732,0.5508113592549634,0.6030655455610512
