epoch,optimizer_updates,processed_trajectories,optimizer_batches,microbatches,micro_batch_size,effective_batch_size,backward_loss_mean_per_trajectory,full_spacetime_loss_mean_per_trajectory,learning_rate,epoch_seconds,mean_epoch_seconds_this_run,estimated_remaining_seconds,cuda_peak_allocated_bytes,cuda_peak_reserved_bytes
1,100,1000,100,200,5,10,0.8610787947177887,0.8610787947177887,0.001,310.43368199979886,310.4336960003711,154906.4143041852,6754928640,8269070336
2,200,1000,100,200,5,10,0.7801874923706055,0.7801874923706055,0.001,310.33746580034494,310.38985670008697,154574.1486366433,6754928640,8269070336
3,300,1000,100,200,5,10,0.7471796128749847,0.7471796128749847,0.001,311.13278109999374,310.64051230003435,154388.33461311707,6754928640,8269070336
4,400,1000,100,200,5,10,0.7281649181842804,0.7281649181842804,0.001,311.5505674001761,310.86959487502463,154191.31905801222,6754928640,8269070336
5,500,1000,100,200,5,10,0.7113685336112976,0.7113685336112976,0.001,310.94749929988757,310.88724466003475,153889.1861067172,6754928640,8269070336
6,600,1000,100,200,5,10,0.6966794986724854,0.6966794986724854,0.001,310.65113379992545,310.8492277666616,153559.51851673084,6754928640,8269070336
7,700,1000,100,200,5,10,0.6845565679073333,0.6845565679073333,0.001,311.3355429000221,310.91953178574994,153283.32917037472,6754928640,8269070336
8,800,1000,100,200,5,10,0.675671481847763,0.675671481847763,0.001,311.08944639982656,310.94154178752797,152983.23855946376,6754928640,8269070336
9,900,1000,100,200,5,10,0.6674788682460785,0.6674788682460785,0.001,311.62999759986997,311.01892931112604,152710.2942917629,6754928640,8269070336
10,1000,1000,100,200,5,10,0.6597914249897003,0.6597914249897003,0.001,310.5155785996467,310.9693808500189,152374.99661650928,6754928640,8269070336
11,1100,1000,100,200,5,10,0.6538361251354218,0.6538361251354218,0.001,311.0191349997185,311.00729816364634,152082.56880202307,6754928640,8269070336
12,1200,1000,100,200,5,10,0.6477751221656799,0.6477751221656799,0.001,310.4210723997094,310.95929608334944,151748.13648867453,6754928640,8269070336
13,1300,1000,100,200,5,10,0.6412106084823609,0.6412106084823609,0.001,311.098547199741,310.9704417538686,151442.605134134,6754928640,8269070336
14,1400,1000,100,200,5,10,0.6385582683086395,0.6385582683086395,0.001,310.18639479996637,310.91535965715804,151104.8647933788,6754928640,8269070336
15,1500,1000,100,200,5,10,0.6333556702136993,0.6333556702136993,0.001,311.2198235001415,310.9362481866653,150804.08037053267,6754928640,8269070336
16,1600,1000,100,200,5,10,0.6277221763134002,0.6277221763134002,0.001,310.5936947995797,310.9153848562564,150483.0462704281,6754928640,8269070336
17,1700,1000,100,200,5,10,0.6245819149017334,0.6245819149017334,0.001,310.14363569999114,310.87033628825753,150150.3724272284,6754928640,8269070336
18,1800,1000,100,200,5,10,0.6201129120588302,0.6201129120588302,0.001,310.3909579999745,310.8442316722228,149826.91966601138,6754928640,8269070336
19,1900,1000,100,200,5,10,0.617297771692276,0.617297771692276,0.001,310.39883870026097,310.8212008421113,149504.99760505554,6754928640,8269070336
20,2000,1000,100,200,5,10,0.6150656795501709,0.6150656795501709,0.001,310.4596548997797,310.80356305500027,149185.71026640013,6754928640,8269070336
21,2100,1000,100,200,5,10,0.609747829914093,0.609747829914093,0.001,309.25646119983867,310.74921456666755,148848.87377743376,6754928640,8269070336
22,2200,1000,100,200,5,10,0.6081120862960815,0.6081120862960815,0.001,310.07464129989967,310.71897664092563,148523.67083436245,6754928640,8269070336
23,2300,1000,100,200,5,10,0.6065053799152375,0.6065053799152375,0.001,310.62147840019315,310.7151025913089,148211.10393605434,6754928640,8269070336
24,2400,1000,100,200,5,10,0.602202796459198,0.602202796459198,0.001,310.7232894003391,310.7158064125106,147900.72385235503,6754928640,8269070336
25,2500,1000,100,200,5,10,0.5987181243896484,0.5987181243896484,0.001,309.92049579974264,310.68445158401505,147575.11450240714,6754928640,8269070336
26,2600,1000,100,200,5,10,0.5961798615455628,0.5961798615455628,0.001,310.44614680018276,310.67562490769734,147260.24620624853,6754928640,8269070336
27,2700,1000,100,200,5,10,0.5944339351654053,0.5944339351654053,0.001,310.39776300033554,310.6656395185187,146944.84749225935,6754928640,8269070336
28,2800,1000,100,200,5,10,0.5917706949710846,0.5917706949710846,0.001,310.4372010999359,310.65772559643455,146630.4464815171,6754928640,8269070336
29,2900,1000,100,200,5,10,0.5893835057020187,0.5893835057020187,0.001,309.5521998000331,310.6198546241423,146301.95152797102,6754928640,8269070336
30,3000,1000,100,200,5,10,0.5876516163349151,0.5876516163349151,0.001,298.5112630999647,310.21645483667965,145801.73377323942,6754928640,8269070336
31,3100,1000,100,200,5,10,0.5856115369796753,0.5856115369796753,0.001,131.20520319975913,304.4516804741936,142787.8381423968,6754928640,8269070336
32,3200,1000,100,200,5,10,0.5844317998886108,0.5844317998886108,0.001,131.50878809997812,299.0474296375032,139954.1970703515,6754928640,8269070336
33,3300,1000,100,200,5,10,0.5807275409698487,0.5807275409698487,0.001,131.2388200997375,293.96252099696943,137280.49730558472,6754928640,8269070336
34,3400,1000,100,200,5,10,0.5798455767631531,0.5798455767631531,0.001,131.48741000005975,289.1840403970632,134759.76282503144,6754928640,8269070336
35,3500,1000,100,200,5,10,0.5774549224376678,0.5774549224376678,0.001,131.4686492998153,284.6782056228657,132375.36561463255,6754928640,8269070336
36,3600,1000,100,200,5,10,0.5775729398727417,0.5775729398727417,0.001,131.2554312995635,280.4166147277768,130113.30923368843,6754928640,8269070336
37,3700,1000,100,200,5,10,0.5761845276355744,0.5761845276355744,0.001,131.00698859989643,276.37863340001,127963.30726420463,6754928640,8269070336
38,3800,1000,100,200,5,10,0.575959701538086,0.575959701538086,0.001,130.77694780007005,272.5471347631568,125916.77626057844,6754928640,8269070336
39,3900,1000,100,200,5,10,0.5737059831619262,0.5737059831619262,0.001,130.8141831997782,268.91307994359147,123968.92985399567,6754928640,8269070336
40,4000,1000,100,200,5,10,0.5714487640857696,0.5714487640857696,0.001,130.7952326000668,265.4602410149993,122111.7108668997,6754928640,8269070336
41,4100,1000,100,200,5,10,0.570216208934784,0.570216208934784,0.001,130.65653150016442,262.17817481464095,120339.7822399202,6754928640,8269070336
42,4200,1000,100,200,5,10,0.5678151880502701,0.5678151880502701,0.001,130.75944120017812,259.0492805476256,118644.57049081252,6754928640,8269070336
43,4300,1000,100,200,5,10,0.5675080853700638,0.5675080853700638,0.001,130.48140660021454,256.0594325534956,117019.16067694747,6754928640,8269070336
44,4400,1000,100,200,5,10,0.5671484855413437,0.5671484855413437,0.001,130.46105779986829,253.2050462750062,115461.50110140283,6754928640,8269070336
45,4500,1000,100,200,5,10,0.5659525322914124,0.5659525322914124,0.001,130.51197530003265,250.47864789333607,113967.78479146792,6754928640,8269070336
46,4600,1000,100,200,5,10,0.5614406439065933,0.5614406439065933,0.001,130.28706469992176,247.8658915304417,112531.11475482053,6754928640,8269070336
47,4700,1000,100,200,5,10,0.5606216615438462,0.5606216615438462,0.001,130.29209859995171,245.3644347340463,111150.08893452298,6754928640,8269070336
48,4800,1000,100,200,5,10,0.5605344605445862,0.5605344605445862,0.001,130.58337859995663,242.97327361458642,109823.91967379306,6754928640,8269070336
49,4900,1000,100,200,5,10,0.561236953496933,0.561236953496933,0.001,130.54872900014743,240.67898573061186,108546.22256450595,6754928640,8269070336
50,5000,1000,100,200,5,10,0.5549702396392823,0.5549702396392823,0.001,130.69679819978774,238.4794397640042,107315.74789380189,6754928640,8269070336
51,5100,1000,100,200,5,10,0.5566223413944245,0.5566223413944245,0.001,130.25331299984828,236.3620996803922,106126.5827564961,6754928640,8269070336
52,5200,1000,100,200,5,10,0.5562921954393387,0.5562921954393387,0.001,130.41910259984434,234.32483891539204,104977.52783409563,6754928640,8269070336
53,5300,1000,100,200,5,10,0.5537718324661255,0.5537718324661255,0.001,130.23962270002812,232.3610991886817,103865.41133734072,6754928640,8269070336
54,5400,1000,100,200,5,10,0.5528807520866394,0.5528807520866394,0.001,130.19382019992918,230.46923702593065,102789.27971356508,6754928640,8269070336
55,5500,1000,100,200,5,10,0.5513121178150177,0.5513121178150177,0.001,130.2656872998923,228.64744416182353,101748.11265201148,6754928640,8269070336
56,5600,1000,100,200,5,10,0.5495740505456924,0.5495740505456924,0.001,130.16008740011603,226.8888742553619,100738.66016938069,6754928640,8269070336
57,5700,1000,100,200,5,10,0.5504381647109985,0.5504381647109985,0.001,130.09204609971493,225.19077944035823,99759.5152920787,6754928640,8269070336
58,5800,1000,100,200,5,10,0.5515059995651245,0.5515059995651245,0.001,130.08515600021929,223.55113912413924,98809.60349286954,6754928640,8269070336
59,5900,1000,100,200,5,10,0.5484401450157166,0.5484401450157166,0.001,130.00200319988653,221.9656461796613,97886.84996523063,6754928640,8269070336
60,6000,1000,100,200,5,10,0.5491036130189896,0.5491036130189896,0.001,130.217382799834,220.43659432500135,96992.1015030006,6754928640,8269070336
61,6100,1000,100,200,5,10,0.5463697730302811,0.5463697730302811,0.001,130.1462554000318,218.96029157049526,96123.56799944742,6754928640,8269070336
62,6200,1000,100,200,5,10,0.5477289283275604,0.5477289283275604,0.001,129.96691760001704,217.5250088387139,95275.95387135669,6754928640,8269070336
63,6300,1000,100,200,5,10,0.5455340932607651,0.5455340932607651,0.001,130.18032409995794,216.1386912984123,94452.60809740618,6754928640,8269070336
64,6400,1000,100,200,5,10,0.5422575951814651,0.5422575951814651,0.001,130.13933470007032,214.79504139375058,93650.63804767525,6754928640,8269070336
65,6500,1000,100,200,5,10,0.5401759384870529,0.5401759384870529,0.001,129.968683199957,213.49011444769656,92868.19978474801,6754928640,8269070336
66,6600,1000,100,200,5,10,0.5416597318649292,0.5416597318649292,0.001,130.02937360014766,212.2256378727316,92105.92683676552,6754928640,8269070336
67,6700,1000,100,200,5,10,0.5422176944017411,0.5422176944017411,0.001,130.04660740029067,210.99917843134435,91362.6442607721,6754928640,8269070336
68,6800,1000,100,200,5,10,0.5419925339221955,0.5419925339221955,0.001,129.93661529989913,209.80715467059053,90636.69081769511,6754928640,8269070336
69,6900,1000,100,200,5,10,0.5396786460876465,0.5396786460876465,0.001,130.13085100008175,208.65252673623246,89929.23902331619,6754928640,8269070336
70,7000,1000,100,200,5,10,0.5358514767885209,0.5358514767885209,0.001,130.05773420026526,207.52982173000595,89237.82334390256,6754928640,8269070336
71,7100,1000,100,200,5,10,0.5378644942045212,0.5378644942045212,0.001,129.979270900134,206.44112787746602,88563.24385943291,6754928640,8269070336
72,7200,1000,100,200,5,10,0.5361127128601074,0.5361127128601074,0.001,130.05374450003728,205.38026674166838,87902.75416543406,6754928640,8269070336
73,7300,1000,100,200,5,10,0.5370136202573776,0.5370136202573776,0.001,130.00218919990584,204.3477793849354,87256.50179736741,6754928640,8269070336
74,7400,1000,100,200,5,10,0.5347013719081879,0.5347013719081879,0.001,130.10156780015677,203.34453683378604,86624.77269119285,6754928640,8269070336
75,7500,1000,100,200,5,10,0.5327619923353195,0.5327619923353195,0.001,130.09623620007187,202.36796805333347,86006.38642266672,6754928640,8269070336
76,7600,1000,100,200,5,10,0.5352469710111618,0.5352469710111618,0.001,129.90677249990404,201.41462261316147,85399.79998798047,6754928640,8269070336
77,7700,1000,100,200,5,10,0.5327051385641098,0.5327051385641098,0.001,129.8440836002119,200.4852107909097,84805.2441645548,6754928640,8269070336
78,7800,1000,100,200,5,10,0.5296500693559647,0.5296500693559647,0.001,129.99414320010692,199.58155215384724,84223.41500892353,6754928640,8269070336
79,7900,1000,100,200,5,10,0.531075032234192,0.531075032234192,0.001,129.99170969985425,198.70075053544832,83653.01597542374,6754928640,8269070336
80,8000,1000,100,200,5,10,0.5288221868276596,0.5288221868276596,0.001,129.9257408999838,197.84114466250176,83093.28075825074,6754928640,8269070336
81,8100,1000,100,200,5,10,0.530023914694786,0.530023914694786,0.001,130.0763966003433,197.00771083333817,82546.2308391687,6754928640,8269070336
82,8200,1000,100,200,5,10,0.5302990937232971,0.5302990937232971,0.001,130.10235419962555,196.1918887780502,82008.209509225,6754928640,8269070336
83,8300,1000,100,200,5,10,0.5276422826051712,0.5276422826051712,0.001,130.1262575997971,195.39598323855864,81480.12501047895,6754928640,8269070336
84,8400,1000,100,200,5,10,0.5265132111310958,0.5265132111310958,0.001,130.36716499971226,194.6219079404781,80962.7137032389,6754928640,8269070336
85,8500,1000,100,200,5,10,0.5254979722499847,0.5254979722499847,0.001,130.22561739990488,193.86438511294477,80453.71982187209,6754928640,8269070336
86,8600,1000,100,200,5,10,0.5267975732088089,0.5267975732088089,0.001,130.15989629970863,193.12371179883823,79953.21668471902,6754928640,8269070336
87,8700,1000,100,200,5,10,0.5230700589418411,0.5230700589418411,0.001,130.24021669989452,192.40099018275868,79461.60894547934,6754928640,8269070336
88,8800,1000,100,200,5,10,0.5239265384674072,0.5239265384674072,0.001,130.30318220006302,191.6954046454577,78978.50671392857,6754928640,8269070336
89,8900,1000,100,200,5,10,0.5245751413106918,0.5245751413106918,0.001,130.3079941002652,191.00572106179916,78503.35135639945,6754928640,8269070336
90,9000,1000,100,200,5,10,0.5234316190481186,0.5234316190481186,0.001,130.56131719984114,190.3341844577808,78037.01562769013,6754928640,8269070336
91,9100,1000,100,200,5,10,0.5224454245567322,0.5224454245567322,0.001,130.48433230025694,189.67925329670658,77578.81459835298,6754928640,8269070336
92,9200,1000,100,200,5,10,0.5209133970737457,0.5209133970737457,0.001,130.2406156002544,189.03326211304343,77125.57094212172,6754928640,8269070336
93,9300,1000,100,200,5,10,0.5200753138065338,0.5200753138065338,0.001,130.07832039985806,188.39964790537613,76678.65669748808,6754928640,8269070336
94,9400,1000,100,200,5,10,0.5204616479873657,0.5204616479873657,0.001,130.10298770014197,187.7795370542593,76238.49204402928,6754928640,8269070336
95,9500,1000,100,200,5,10,0.5193582242727279,0.5193582242727279,0.001,130.19914670009166,187.17348926210482,75805.26315115245,6754928640,8269070336
96,9600,1000,100,200,5,10,0.5183349986076355,0.5183349986076355,0.001,130.39568569976836,186.58212287396114,75379.1776410803,6754928640,8269070336
97,9700,1000,100,200,5,10,0.516069686293602,0.516069686293602,0.001,130.15516349999234,186.00046386392114,74958.18693716022,6754928640,8269070336
98,9800,1000,100,200,5,10,0.5185240190029144,0.5185240190029144,0.001,129.96034659957513,185.42872149183663,74542.34603971832,6754928640,8269070336
99,9900,1000,100,200,5,10,0.5171450016498566,0.5171450016498566,0.001,130.1243926002644,184.87016904545533,74132.93778722758,6754928640,8269070336
100,10000,1000,100,200,5,10,0.5175572203397751,0.5175572203397751,0.0005,130.17989009991288,184.32333287400195,73729.33314960077,6754928640,8269070336
101,10100,1000,100,200,5,10,0.5090131772756576,0.5090131772756576,0.0005,130.04364709975198,183.7885162396043,73331.61797960212,6754928640,8269070336
102,10200,1000,100,200,5,10,0.5048458024263381,0.5048458024263381,0.0005,130.2468480002135,183.2636606686283,72938.93694611406,6754928640,8269070336
103,10300,1000,100,200,5,10,0.5046641430854797,0.5046641430854797,0.0005,130.6338498000987,182.75276897669977,72552.8492837498,6754928640,8269070336
104,10400,1000,100,200,5,10,0.5033624148368836,0.5033624148368836,0.0005,130.4675742997788,182.25008815673377,72171.03491006658,6754928640,8269070336
105,10500,1000,100,200,5,10,0.5033281016349792,0.5033281016349792,0.0005,130.49012059997767,181.75720310000082,71794.09522450033,6754928640,8269070336
106,10600,1000,100,200,5,10,0.5032765337228775,0.5032765337228775,0.0005,130.69596580043435,181.27554829434035,71422.5660279701,6754928640,8269070336
107,10700,1000,100,200,5,10,0.5029828777313232,0.5029828777313232,0.0005,130.5564060001634,180.8016043560771,71055.0305119383,6754928640,8269070336
108,10800,1000,100,200,5,10,0.5000484828948975,0.5000484828948975,0.0005,130.53925939975306,180.33627486296635,70691.81974628281,6754928640,8269070336
109,10900,1000,100,200,5,10,0.49943295180797576,0.49943295180797576,0.0005,130.5209157001227,179.87931225045986,70332.8110899298,6754928640,8269070336
110,11000,1000,100,200,5,10,0.49927057468891145,0.49927057468891145,0.0005,130.44165870035067,179.42994857000357,69977.67994230139,6754928640,8269070336
111,11100,1000,100,200,5,10,0.5004468305110932,0.5004468305110932,0.0005,130.3310433998704,178.98968382162536,69626.98700661227,6754928640,8269070336
112,11200,1000,100,200,5,10,0.49614103758335115,0.49614103758335115,0.0005,130.45447849994525,178.55640953660728,69279.88690020362,6754928640,8269070336
113,11300,1000,100,200,5,10,0.4969748352766037,0.4969748352766037,0.0005,130.45847100019455,178.1308378106214,68936.63423271048,6754928640,8269070336
114,11400,1000,100,200,5,10,0.49949849224090576,0.49949849224090576,0.0005,130.67291940003633,177.71459975701822,68597.83550620903,6754928640,8269070336
115,11500,1000,100,200,5,10,0.4970004119873047,0.4970004119873047,0.0005,130.52387539995834,177.3043072078296,68262.1582750144,6754928640,8269070336
116,11600,1000,100,200,5,10,0.4976426039934158,0.4976426039934158,0.0005,130.41591119999066,176.90015476379656,67929.65942929788,6754928640,8269070336
117,11700,1000,100,200,5,10,0.4956137456893921,0.4956137456893921,0.0005,130.35891840001568,176.50242602222193,67600.42916651099,6754928640,8269070336
118,11800,1000,100,200,5,10,0.495523432135582,0.495523432135582,0.0005,130.39702779985964,176.11176239746086,67274.69323583005,6754928640,8269070336
119,11900,1000,100,200,5,10,0.4965319699048996,0.4965319699048996,0.0005,130.47600980009884,175.72832543025294,66952.49198892637,6754928640,8269070336
120,12000,1000,100,200,5,10,0.4976824662685394,0.4976824662685394,0.0005,130.35979630006477,175.35037581750268,66633.14281065101,6754928640,8269070336
121,12100,1000,100,200,5,10,0.49402987384796143,0.49402987384796143,0.0005,130.1010642000474,174.97859940661334,66316.88917510645,6754928640,8269070336
122,12200,1000,100,200,5,10,0.4935056459903717,0.4935056459903717,0.0005,130.61341750016436,174.61500269262365,66004.47101781174,6754928640,8269070336
123,12300,1000,100,200,5,10,0.4950332249403,0.4950332249403,0.0005,130.51044750027359,174.2565010471565,65694.700894778,6754928640,8269070336
124,12400,1000,100,200,5,10,0.4951402747631073,0.4951402747631073,0.0005,130.72854359960184,173.90554386451691,65388.48449305836,6754928640,8269070336
125,12500,1000,100,200,5,10,0.49399826836585997,0.49399826836585997,0.0005,130.4354699999094,173.55783844320104,65084.18941620039,6754928640,8269070336
126,12600,1000,100,200,5,10,0.49261767375469206,0.49261767375469206,0.0005,130.55535669997334,173.21662245793934,64783.01679926931,6754928640,8269070336
127,12700,1000,100,200,5,10,0.49037430024147033,0.49037430024147033,0.0005,130.5295269000344,172.88056065984378,64484.44912612173,6754928640,8269070336
128,12800,1000,100,200,5,10,0.4924227215051651,0.4924227215051651,0.0005,130.28948380006477,172.54787875547117,64187.81089703528,6754928640,8269070336
129,12900,1000,100,200,5,10,0.4924918451309204,0.4924918451309204,0.0005,130.60894430009648,172.2228329511641,63894.67102488188,6754928640,8269070336
130,13000,1000,100,200,5,10,0.4923764524459839,0.4923764524459839,0.0005,130.8656831001863,171.90476225077245,63604.76203278581,6754928640,8269070336
131,13100,1000,100,200,5,10,0.49188361144065856,0.49188361144065856,0.0005,130.63933529984206,171.59165723588075,63317.32152003999,6754928640,8269070336
132,13200,1000,100,200,5,10,0.4891298371553421,0.4891298371553421,0.0005,132.28555950010195,171.29401213484886,63036.19646562438,6754928640,8269070336
133,13300,1000,100,200,5,10,0.4908824838399887,0.4908824838399887,0.0005,132.12063609994948,170.9996101210538,62756.85691442674,6754928640,8269070336
134,13400,1000,100,200,5,10,0.4899905382394791,0.4899905382394791,0.0005,132.0954797002487,170.7093818768678,62479.63376693362,6754928640,8269070336
135,13500,1000,100,200,5,10,0.49081372797489164,0.49081372797489164,0.0005,132.126470499672,170.42367960518501,62204.64305589253,6754928640,8269070336
136,13600,1000,100,200,5,10,0.4895167306661606,0.4895167306661606,0.0005,132.0085235000588,170.14126988014837,61931.422236374005,6754928640,8269070336
137,13700,1000,100,200,5,10,0.4880288763046265,0.4880288763046265,0.0005,132.84494680026546,169.86913960292105,61662.497675860344,6754928640,8269070336
138,13800,1000,100,200,5,10,0.49094200825691225,0.49094200825691225,0.0005,133.28566269995645,169.60415371304606,61396.703644122674,6754928640,8269070336
139,13900,1000,100,200,5,10,0.4896427557468414,0.4896427557468414,0.0005,131.8910958999768,169.3329076007203,61129.17964386002,6754928640,8269070336
140,14000,1000,100,200,5,10,0.48781294453144075,0.48781294453144075,0.0005,132.33835519989952,169.06881947428587,60864.77501074292,6754928640,8269070336
141,14100,1000,100,200,5,10,0.48746546399593355,0.48746546399593355,0.0005,134.51704149972647,168.82719476950348,60608.96292225175,6754928640,8269070336
142,14200,1000,100,200,5,10,0.4859769378900528,0.4859769378900528,0.0005,134.70464290026575,168.58702634929836,60354.155433048814,6754928640,8269070336
143,14300,1000,100,200,5,10,0.48809945821762085,0.48809945821762085,0.0005,135.1037816000171,168.35301066084173,60102.0248059205,6754928640,8269070336
144,14400,1000,100,200,5,10,0.4879118787050247,0.4879118787050247,0.0005,134.48673379980028,168.11795044166826,59849.9903572339,6754928640,8269070336
145,14500,1000,100,200,5,10,0.4864169058799744,0.4864169058799744,0.0005,133.4521292001009,167.87897852138005,59597.037375089916,6754928640,8269070336
146,14600,1000,100,200,5,10,0.48533811163902285,0.48533811163902285,0.0005,133.3556552999653,167.64261014452077,59345.483991160356,6754928640,8269070336
147,14700,1000,100,200,5,10,0.485152664065361,0.485152664065361,0.0005,133.38179059978575,167.40962207415237,59095.59659217579,6754928640,8269070336
148,14800,1000,100,200,5,10,0.4849253389835358,0.4849253389835358,0.0005,132.7680131001398,167.1756375918945,58845.82443234687,6754928640,8269070336
149,14900,1000,100,200,5,10,0.48308079051971436,0.48308079051971436,0.0005,132.451223900076,166.94277740000192,58596.91486740067,6754928640,8269070336
150,15000,1000,100,200,5,10,0.48336550962924957,0.48336550962924957,0.0005,132.1079037003219,166.71062079866726,58348.71727953354,6754928640,8269070336
151,15100,1000,100,200,5,10,0.4860985372066498,0.4860985372066498,0.0005,131.9346996997483,166.48261072847757,58102.43114423867,6754928640,8269070336
152,15200,1000,100,200,5,10,0.4850347216129303,0.4850347216129303,0.0005,132.02889480022714,166.25600217039525,57857.08875529755,6754928640,8269070336
153,15300,1000,100,200,5,10,0.4834505079984665,0.4834505079984665,0.0005,131.98455040017143,166.03206999804155,57613.12828932042,6754928640,8269070336
154,15400,1000,100,200,5,10,0.48337137603759767,0.48337137603759767,0.0005,131.9045831002295,165.8105166272726,57370.43875303632,6754928640,8269070336
155,15500,1000,100,200,5,10,0.48276331841945647,0.48276331841945647,0.0005,132.02204929990694,165.5925983954852,57129.446446442395,6754928640,8269070336
156,15600,1000,100,200,5,10,0.4830607390403748,0.4830607390403748,0.0005,131.87201819987968,165.3765162282074,56889.521582503345,6754928640,8269070336
157,15700,1000,100,200,5,10,0.4812267560958862,0.4812267560958862,0.0005,131.57859410019591,165.16133439936527,56650.33769898229,6754928640,8269070336
158,15800,1000,100,200,5,10,0.4810011622905731,0.4810011622905731,0.0005,131.88952679978684,164.95080932405116,56413.1767888255,6754928640,8269070336
159,15900,1000,100,200,5,10,0.4795798285007477,0.4795798285007477,0.0005,131.9917780002579,164.74358962327184,56177.5640615357,6754928640,8269070336
160,16000,1000,100,200,5,10,0.48250504636764524,0.48250504636764524,0.0005,132.4817614997737,164.5420110012521,55944.28374042571,6754928640,8269070336
161,16100,1000,100,200,5,10,0.48004205894470214,0.48004205894470214,0.0005,133.112953200005,164.34963625155515,55714.5266892772,6754928640,8269070336
162,16200,1000,100,200,5,10,0.4809202115535736,0.4809202115535736,0.0005,131.99277639994398,164.149959303706,55482.68624465263,6754928640,8269070336
163,16300,1000,100,200,5,10,0.4819861468076706,0.4819861468076706,0.0005,131.93241999996826,163.95236901656662,55251.94835858295,6754928640,8269070336
164,16400,1000,100,200,5,10,0.4809564595222473,0.4809564595222473,0.0005,131.8658952000551,163.75679774512253,55022.28404236117,6754928640,8269070336
165,16500,1000,100,200,5,10,0.48133076214790343,0.48133076214790343,0.0005,131.81728660035878,163.5632993733341,54793.70529006692,6754928640,8269070336
166,16600,1000,100,200,5,10,0.47938166332244875,0.47938166332244875,0.0005,131.75656880019233,163.37175623253157,54566.166581665544,6754928640,8269070336
167,16700,1000,100,200,5,10,0.4802350598573685,0.4802350598573685,0.0005,131.9692275999114,163.18380744191734,54340.20787815847,6754928640,8269070336
168,16800,1000,100,200,5,10,0.48072134602069855,0.48072134602069855,0.0005,131.9406250999309,162.99788318571657,54115.297217657906,6754928640,8269070336
169,16900,1000,100,200,5,10,0.47962004828453064,0.47962004828453064,0.0005,131.6746900002472,162.81258799881846,53890.96662760891,6754928640,8269070336
170,17000,1000,100,200,5,10,0.47810367166996004,0.47810367166996004,0.0005,131.5730343000032,162.62890055823578,53667.53718421781,6754928640,8269070336
171,17100,1000,100,200,5,10,0.4781531385183334,0.4781531385183334,0.0005,131.39726570015773,162.44800469181527,53445.39354360722,6754928640,8269070336
172,17200,1000,100,200,5,10,0.4778496009111404,0.4778496009111404,0.0005,131.33453700039536,162.267176686047,53223.63395302342,6754928640,8269070336
173,17300,1000,100,200,5,10,0.4791255512237549,0.4791255512237549,0.0005,131.60384250013158,162.090009282082,53003.433035240814,6754928640,8269070336
174,17400,1000,100,200,5,10,0.4748792850971222,0.4748792850971222,0.0005,131.55462269997224,161.9145648132196,52784.14812910959,6754928640,8269070336
175,17500,1000,100,200,5,10,0.476579554438591,0.476579554438591,0.0005,131.40564979985356,161.7402949428585,52565.59585642901,6754928640,8269070336
176,17600,1000,100,200,5,10,0.478085461974144,0.478085461974144,0.0005,131.66763829998672,161.56947695909184,52348.51053474576,6754928640,8269070336
177,17700,1000,100,200,5,10,0.4765648792982101,0.4765648792982101,0.0005,131.9058280000463,161.40193632598914,52132.82543329449,6754928640,8269070336
178,17800,1000,100,200,5,10,0.47699136221408844,0.47699136221408844,0.0005,132.34716919995844,161.23880067752842,51918.89381816415,6754928640,8269070336
179,17900,1000,100,200,5,10,0.47603217685222626,0.47603217685222626,0.0005,131.8715937999077,161.0747830899453,51705.00537187244,6754928640,8269070336
180,18000,1000,100,200,5,10,0.4749832376241684,0.4749832376241684,0.0005,131.96740249963477,160.91312398388982,51492.19967484474,6754928640,8269070336
181,18100,1000,100,200,5,10,0.47634206974506377,0.47634206974506377,0.0005,131.64354019984603,160.75294876906207,51280.1906573308,6754928640,8269070336
182,18200,1000,100,200,5,10,0.4776475521326065,0.4776475521326065,0.0005,132.1763539002277,160.59600453461766,51069.52944200842,6754928640,8269070336
183,18300,1000,100,200,5,10,0.4743303861618042,0.4743303861618042,0.0005,132.0453424002044,160.44008207103857,50859.506016519226,6754928640,8269070336
184,18400,1000,100,200,5,10,0.4740615952014923,0.4740615952014923,0.0005,132.1252823001705,160.2862739967405,50650.46258297,6754928640,8269070336
185,18500,1000,100,200,5,10,0.4765619822740555,0.4765619822740555,0.0005,132.29709629993886,160.13505490702903,50442.54229571414,6754928640,8269070336
186,18600,1000,100,200,5,10,0.4754129925966263,0.4754129925966263,0.0005,132.68623099988326,159.98756700107748,50236.09603833833,6754928640,8269070336
187,18700,1000,100,200,5,10,0.4757370127439499,0.4757370127439499,0.0005,132.53016360010952,159.84080549893045,50030.17212116523,6754928640,8269070336
188,18800,1000,100,200,5,10,0.4733570054769516,0.4733570054769516,0.0005,132.4803762002848,159.69534301383055,49824.94702031513,6754928640,8269070336
189,18900,1000,100,200,5,10,0.47243712961673734,0.47243712961673734,0.0005,132.29559910017997,159.55042091693247,49620.180905165995,6754928640,8269070336
190,19000,1000,100,200,5,10,0.4742659159898758,0.4742659159898758,0.0005,132.19407540000975,159.4065094036859,49416.01791514263,6754928640,8269070336
191,19100,1000,100,200,5,10,0.4738729499578476,0.4738729499578476,0.0005,132.17679069982842,159.2657845989528,49213.12744107641,6754928640,8269070336
192,19200,1000,100,200,5,10,0.47589330112934114,0.47589330112934114,0.0005,132.35931889992207,159.12569414843892,49010.71379771919,6754928640,8269070336
193,19300,1000,100,200,5,10,0.4734567928314209,0.4734567928314209,0.0005,132.27668590005487,158.9866459326423,48808.900301321184,6754928640,8269070336
194,19400,1000,100,200,5,10,0.47209844303131104,0.47209844303131104,0.0005,132.36079609999433,158.84947413092806,48607.93908406398,6754928640,8269070336
195,19500,1000,100,200,5,10,0.474075296998024,0.474075296998024,0.0005,132.55228020017967,158.7147182605134,48407.989069456584,6754928640,8269070336
196,19600,1000,100,200,5,10,0.47261658358573916,0.47261658358573916,0.0005,132.6197387999855,158.58165023367548,48208.821671037345,6754928640,8269070336
197,19700,1000,100,200,5,10,0.47263943469524383,0.47263943469524383,0.0005,132.58871369995177,158.4497734974635,48010.28136973144,6754928640,8269070336
198,19800,1000,100,200,5,10,0.4717186188697815,0.4717186188697815,0.0005,132.65701620001346,158.31956989646446,47812.51010873227,6754928640,8269070336
199,19900,1000,100,200,5,10,0.4708345980644226,0.4708345980644226,0.0005,132.4657181999646,158.18970386633163,47615.100863765816,6754928640,8269070336
200,20000,1000,100,200,5,10,0.4737911757230759,0.4737911757230759,0.00025,132.50336400000378,158.0613295145007,47418.39885435021,6754928640,8269070336
201,20100,1000,100,200,5,10,0.467679346203804,0.467679346203804,0.00025,132.6057531000115,157.93665409502597,47223.059574412764,6754928640,8269070336
202,20200,1000,100,200,5,10,0.46300815522670746,0.46300815522670746,0.00025,132.6214483003132,157.8113995752491,47027.79707342423,6754928640,8269070336
203,20300,1000,100,200,5,10,0.46287578117847444,0.46287578117847444,0.00025,132.67805809993297,157.6876565034483,46833.23398152414,6754928640,8269070336
204,20400,1000,100,200,5,10,0.46217462038993834,0.46217462038993834,0.00025,132.68089900026098,157.5651292259823,46639.27825089076,6754928640,8269070336
205,20500,1000,100,200,5,10,0.4634552448987961,0.4634552448987961,0.00025,132.63504840014502,157.4435721468294,46445.85378331468,6754928640,8269070336
206,20600,1000,100,200,5,10,0.46353330290317535,0.46353330290317535,0.00025,132.5798073997721,157.32293943640803,46252.944194303964,6754928640,8269070336
207,20700,1000,100,200,5,10,0.46236969816684725,0.46236969816684725,0.00025,132.36149949999526,157.20242818212586,46060.31145736288,6754928640,8269070336
208,20800,1000,100,200,5,10,0.4609969168901443,0.4609969168901443,0.00025,132.66097269998863,157.08449169567365,45868.67157513671,6754928640,8269070336
209,20900,1000,100,200,5,10,0.4613857592344284,0.4613857592344284,0.00025,132.64704190008342,156.96763546267997,45677.58191963987,6754928640,8269070336
210,21000,1000,100,200,5,10,0.46184046852588656,0.46184046852588656,0.00025,132.70655500004068,156.85217503095268,45487.13075897628,6754928640,8269070336
211,21100,1000,100,200,5,10,0.45952103710174563,0.45952103710174563,0.00025,132.41128150001168,156.7384452767785,45297.41068498899,6754928640,8269070336
212,21200,1000,100,200,5,10,0.4596657630205154,0.4596657630205154,0.00025,132.48443179996684,156.62410162547206,45107.74126813596,6754928640,8269070336
213,21300,1000,100,200,5,10,0.46084685361385347,0.46084685361385347,0.00025,132.35897390032187,156.5102500230065,44918.441756602864,6754928640,8269070336
214,21400,1000,100,200,5,10,0.46062741959095,0.46062741959095,0.00025,132.23878609994426,156.3968887719626,44729.51018878131,6754928640,8269070336
215,21500,1000,100,200,5,10,0.45961019277572635,0.45961019277572635,0.00025,132.4967991001904,156.2857899209311,44541.45012746537,6754928640,8269070336
216,21600,1000,100,200,5,10,0.459833238363266,0.459833238363266,0.00025,132.50916140014306,156.17577683148232,44353.92062014098,6754928640,8269070336
217,21700,1000,100,200,5,10,0.4594780362844467,0.4594780362844467,0.00025,132.61635500006378,156.06725697142977,44167.033722914624,6754928640,8269070336
218,21800,1000,100,200,5,10,0.45882199478149416,0.45882199478149416,0.00025,132.7372368001379,155.96028891559732,43980.801474198444,6754928640,8269070336
219,21900,1000,100,200,5,10,0.4585668981075287,0.4585668981075287,0.00025,132.61398919997737,155.8537443958916,43794.90217524554,6754928640,8269070336
220,22000,1000,100,200,5,10,0.45758254325389863,0.45758254325389863,0.00025,132.16421910002828,155.74614126591055,43608.91955445495,6754928640,8269070336
221,22100,1000,100,200,5,10,0.4569269328117371,0.4569269328117371,0.00025,132.25793369999155,155.64150116696945,43423.978825584476,6754928640,8269070336
222,22200,1000,100,200,5,10,0.459895658493042,0.459895658493042,0.00025,132.3049225001596,155.5364491824325,43239.13287271624,6754928640,8269070336
223,22300,1000,100,200,5,10,0.4567277084589004,0.4567277084589004,0.00025,132.6498484001495,155.4338770479824,43055.18394229113,6754928640,8269070336
224,22400,1000,100,200,5,10,0.4583200478553772,0.4583200478553772,0.00025,133.03516229987144,155.3339428517876,42872.16822709338,6754928640,8269070336
225,22500,1000,100,200,5,10,0.4585572098493576,0.4585572098493576,0.00025,132.6703453999944,155.2332779995559,42689.15144987787,6754928640,8269070336
226,22600,1000,100,200,5,10,0.4578358597755432,0.4578358597755432,0.00025,132.68235239991918,155.1335608535405,42506.5956738701,6754928640,8269070336
227,22700,1000,100,200,5,10,0.4585365633964539,0.4585365633964539,0.00025,132.7609888999723,155.03507656607948,42324.5759025397,6754928640,8269070336
228,22800,1000,100,200,5,10,0.4572987251281738,0.4572987251281738,0.00025,132.70262170024216,154.93720412105444,42142.91952092681,6754928640,8269070336
229,22900,1000,100,200,5,10,0.45750656032562254,0.45750656032562254,0.00025,132.5477276002057,154.83951921615846,41961.509707578945,6754928640,8269070336
230,23000,1000,100,200,5,10,0.4581451694965363,0.4581451694965363,0.00025,132.6097417003475,154.74292729695773,41780.59037017859,6754928640,8269070336
231,23100,1000,100,200,5,10,0.4574991351366043,0.4574991351366043,0.00025,132.3086164998822,154.64712883030302,41600.07765535151,6754928640,8269070336
232,23200,1000,100,200,5,10,0.4562417751550674,0.4562417751550674,0.00025,132.62461409997195,154.55226369569047,41420.006670445044,6754928640,8269070336
233,23300,1000,100,200,5,10,0.45580997204780577,0.45580997204780577,0.00025,132.4568715998903,154.45749831673902,41240.15205056932,6754928640,8269070336
234,23400,1000,100,200,5,10,0.45522906255722045,0.45522906255722045,0.00025,132.3606249000877,154.36313925128286,41060.59504084124,6754928640,8269070336
235,23500,1000,100,200,5,10,0.4576256183385849,0.4576256183385849,0.00025,132.67953669978306,154.27092646085163,40881.79551212568,6754928640,8269070336
236,23600,1000,100,200,5,10,0.45377003359794615,0.45377003359794615,0.00025,132.69800119986758,154.17956125635607,40703.404171678005,6754928640,8269070336
237,23700,1000,100,200,5,10,0.4546973181962967,0.4546973181962967,0.00025,132.70225850027055,154.08899517046515,40525.40572983234,6754928640,8269070336
238,23800,1000,100,200,5,10,0.4570295879840851,0.4570295879840851,0.00025,132.2449567001313,153.99729046638774,40347.29010219359,6754928640,8269070336
239,23900,1000,100,200,5,10,0.4549919512271881,0.4549919512271881,0.00025,727.8171460996382,156.3982619803348,40819.94637686739,6754928640,8269070336
240,24000,1000,100,200,5,10,0.4563477977514267,0.4563477977514267,0.00025,277.6235274001956,156.90341250541775,40794.88725140862,6754928640,8269070336
241,24100,1000,100,200,5,10,0.4549546436071396,0.4549546436071396,0.00025,79.26442519994453,156.5827933651457,40554.943481572736,6754928640,8269070336
242,24200,1000,100,200,5,10,0.4547013994455337,0.4547013994455337,0.00025,79.99133870005608,156.26637627107422,40316.725077937146,6754928640,8269070336
243,24300,1000,100,200,5,10,0.4551822144985199,0.4551822144985199,0.00025,82.16926619969308,155.96151727284095,40082.10993912013,6754928640,8269070336
244,24400,1000,100,200,5,10,0.4564912580251694,0.4564912580251694,0.00025,83.04265150008723,155.66273343647623,39849.659759737915,6754928640,8269070336
245,24500,1000,100,200,5,10,0.4534802564382553,0.4534802564382553,0.00025,84.09529470000416,155.37067774040815,39619.52282380408,6754928640,8269070336
246,24600,1000,100,200,5,10,0.45359002709388735,0.45359002709388735,0.00025,84.22218029992655,155.0815224609758,39390.706705087854,6754928640,8269070336
247,24700,1000,100,200,5,10,0.4553958567380905,0.4553958567380905,0.00025,84.32969299983233,154.79514061214653,39163.17057487307,6754928640,8269070336
248,24800,1000,100,200,5,10,0.4551948485374451,0.4551948485374451,0.00025,84.44839809974656,154.51154799274198,38936.91009417098,6754928640,8269070336
249,24900,1000,100,200,5,10,0.4549897978305817,0.4549897978305817,0.00025,84.93734489986673,154.23218872289297,38712.279369446136,6754928640,8269070336
250,25000,1000,100,200,5,10,0.4532844123840332,0.4532844123840332,0.00025,84.99992859968916,153.95531884960084,38488.82971240021,6754928640,8269070336
251,25100,1000,100,200,5,10,0.4517875747680664,0.4517875747680664,0.00025,84.77107809996232,153.68118173944248,38266.61425312118,6754928640,8269070336
252,25200,1000,100,200,5,10,0.45329369461536406,0.45329369461536406,0.00025,84.50685560004786,153.4067508567472,38044.87421247331,6754928640,8269070336
253,25300,1000,100,200,5,10,0.45298965752124787,0.45298965752124787,0.00025,83.7635067999363,153.13153597984183,37823.489387020934,6754928640,8269070336
254,25400,1000,100,200,5,10,0.45371650969982147,0.45371650969982147,0.00025,83.84407260036096,152.85881480590558,37603.268442252775,6754928640,8269070336
255,25500,1000,100,200,5,10,0.4530355911254883,0.4530355911254883,0.00025,83.99969470035285,152.58882684235405,37384.26257637674,6754928640,8269070336
256,25600,1000,100,200,5,10,0.4517072674036026,0.4517072674036026,0.00025,83.89762669987977,152.32056048320374,37166.21675790171,6754928640,8269070336
257,25700,1000,100,200,5,10,0.45300144028663636,0.45300144028663636,0.00025,82.27981820004061,152.04807643190657,36947.682572953294,6754928640,8269070336
258,25800,1000,100,200,5,10,0.45205250120162965,0.45205250120162965,0.00025,82.59088580030948,151.77890150504035,36730.49416421977,6754928640,8269070336
259,25900,1000,100,200,5,10,0.45286711168289184,0.45286711168289184,0.00025,83.09178450005129,151.5138158239388,36514.82961356925,6754928640,8269070336
260,26000,1000,100,200,5,10,0.4520720183849335,0.4520720183849335,0.00025,82.67620379989967,151.24911145500016,36299.78674920004,6754928640,8269070336
261,26100,1000,100,200,5,10,0.45063657534122464,0.45063657534122464,0.00025,83.18603989994153,150.9894712275872,36086.48362339334,6754928640,8269070336
262,26200,1000,100,200,5,10,0.4535384032726288,0.4535384032726288,0.00025,83.11601740028709,150.73045280954324,35873.847768671294,6754928640,8269070336
263,26300,1000,100,200,5,10,0.45457801699638367,0.45457801699638367,0.00025,83.20540029974654,150.47375596311835,35662.28016325905,6754928640,8269070336
264,26400,1000,100,200,5,10,0.4517232503890991,0.4517232503890991,0.00025,82.78633849974722,150.21744381439532,35451.3167401973,6754928640,8269070336
265,26500,1000,100,200,5,10,0.4518330606222153,0.4518330606222153,0.00025,83.12613740004599,149.96435671094454,35241.62382707197,6754928640,8269070336
266,26600,1000,100,200,5,10,0.45118022406101227,0.45118022406101227,0.00025,82.93837390001863,149.7124195864662,35032.706183233095,6754928640,8269070336
267,26700,1000,100,200,5,10,0.4531416951417923,0.4531416951417923,0.00025,83.07142619974911,149.4628878741574,34824.85287467867,6754928640,8269070336
268,26800,1000,100,200,5,10,0.45293300807476045,0.45293300807476045,0.00025,83.19253630004823,149.21566690149396,34618.0347211466,6754928640,8269070336
269,26900,1000,100,200,5,10,0.45182306015491486,0.45182306015491486,0.00025,85.52817689999938,148.9789635356893,34414.14057674423,6754928640,8269070336
270,27000,1000,100,200,5,10,0.45115052223205565,0.45115052223205565,0.00025,85.75216590007767,148.74490345629727,34211.327794948375,6754928640,8269070336
271,27100,1000,100,200,5,10,0.4511012191772461,0.4511012191772461,0.00025,84.12728190002963,148.50783144206676,34008.29340023329,6754928640,8269070336
272,27200,1000,100,200,5,10,0.4521421329975128,0.4521421329975128,0.00025,84.70782659994438,148.27335299889776,33806.32448374869,6754928640,8269070336
273,27300,1000,100,200,5,10,0.45001703345775607,0.45001703345775607,0.00025,84.78658239962533,148.04088573076936,33605.28106088465,6754928640,8269070336
274,27400,1000,100,200,5,10,0.45073366379737856,0.45073366379737856,0.00025,85.11748630041257,147.81132838613163,33405.36021526575,6754928640,8269070336
275,27500,1000,100,200,5,10,0.45159707951545713,0.45159707951545713,0.00025,84.80583629989997,147.58229785672813,33206.01701776383,6754928640,8269070336
276,27600,1000,100,200,5,10,0.45086369240283963,0.45086369240283963,0.00025,84.83034290000796,147.35498649927627,33007.51697583788,6754928640,8269070336
277,27700,1000,100,200,5,10,0.4508294939994812,0.4508294939994812,0.00025,85.10602869978175,147.13034444296102,32810.06681078031,6754928640,8269070336
278,27800,1000,100,200,5,10,0.45083189821243286,0.45083189821243286,0.00025,85.27579830028117,146.9079058327337,32613.55509486688,6754928640,8269070336
279,27900,1000,100,200,5,10,0.4501773008108139,0.4501773008108139,0.00025,84.65678799990565,146.68483023978536,32417.347482992565,6754928640,8269070336
280,28000,1000,100,200,5,10,0.44952104771137236,0.44952104771137236,0.00025,84.32119520008564,146.462168713215,32221.6771169073,6754928640,8269070336
281,28100,1000,100,200,5,10,0.4495019042491913,0.4495019042491913,0.00025,85.08946659974754,146.24503317046282,32027.662264331357,6754928640,8269070336
282,28200,1000,100,200,5,10,0.44859422504901886,0.44859422504901886,0.00025,85.11280959984288,146.02831698297885,31834.17310228939,6754928640,8269070336
283,28300,1000,100,200,5,10,0.4476753046512604,0.4476753046512604,0.00025,84.88556630024686,145.8123344137817,31641.27656779063,6754928640,8269070336
284,28400,1000,100,200,5,10,0.4508510397672653,0.4508510397672653,0.00025,85.13615599973127,145.59873739084637,31449.327276422817,6754928640,8269070336
285,28500,1000,100,200,5,10,0.4482986278533935,0.4482986278533935,0.00025,82.90843199985102,145.37883831579074,31256.45023789501,6754928640,8269070336
286,28600,1000,100,200,5,10,0.44959337723255155,0.44959337723255155,0.00025,83.56897029979154,145.1627660828685,31064.83194173386,6754928640,8269070336
287,28700,1000,100,200,5,10,0.45032333374023437,0.45032333374023437,0.00025,83.68890139972791,144.94861502787552,30874.055000937486,6754928640,8269070336
288,28800,1000,100,200,5,10,0.4493649750947952,0.4493649750947952,0.00025,84.30218169977888,144.73807934027798,30684.47282013893,6754928640,8269070336
289,28900,1000,100,200,5,10,0.4502590279579163,0.4502590279579163,0.00025,84.74506230000407,144.53055375190388,30495.94684165172,6754928640,8269070336
290,29000,1000,100,200,5,10,0.44886499881744385,0.44886499881744385,0.00025,83.68072219984606,144.32080854034564,30307.369793472582,6754928640,8269070336
291,29100,1000,100,200,5,10,0.44893036329746244,0.44893036329746244,0.00025,83.71408149972558,144.1134843501723,30119.718229186015,6754928640,8269070336
292,29200,1000,100,200,5,10,0.4498816349506378,0.4498816349506378,0.00025,83.50784660037607,143.90597452260297,29932.44270070142,6754928640,8269070336
293,29300,1000,100,200,5,10,0.44915132761001586,0.44915132761001586,0.00025,83.33931909967214,143.6993025116044,29745.755619902113,6754928640,8269070336
294,29400,1000,100,200,5,10,0.44846169114112855,0.44846169114112855,0.00025,83.51241810014471,143.49464742789127,29559.8973701456,6754928640,8269070336
295,29500,1000,100,200,5,10,0.44794392907619474,0.44794392907619474,0.00025,83.25425609992817,143.29048196847504,29374.548803537382,6754928640,8269070336
296,29600,1000,100,200,5,10,0.44740435922145844,0.44740435922145844,0.00025,83.16304920008406,143.0873972054058,29189.829029902783,6754928640,8269070336
297,29700,1000,100,200,5,10,0.44899134504795074,0.44899134504795074,0.00025,83.4261050997302,142.8865598360271,29005.9716467135,6754928640,8269070336
298,29800,1000,100,200,5,10,0.4449326765537262,0.4449326765537262,0.00025,83.41422470007092,142.68703750771903,28822.781576559242,6754928640,8269070336
299,29900,1000,100,200,5,10,0.4464147403240204,0.4464147403240204,0.00025,83.812568299938,142.49019474916497,28640.52914458216,6754928640,8269070336
300,30000,1000,100,200,5,10,0.4484860488176346,0.4484860488176346,0.000125,83.22124319989234,142.2926810986673,28458.536219733458,6754928640,8269070336
301,30100,1000,100,200,5,10,0.4440185809135437,0.4440185809135437,0.000125,83.3814608999528,142.09787377574793,28277.476881373837,6754928640,8269070336
302,30200,1000,100,200,5,10,0.44470458436012267,0.44470458436012267,0.000125,83.34803039999679,141.90339118410643,28096.871454453074,6754928640,8269070336
303,30300,1000,100,200,5,10,0.44282431864738464,0.44282431864738464,0.000125,83.23344739992172,141.70982763630403,27916.836044351894,6754928640,8269070336
304,30400,1000,100,200,5,10,0.44266765332221986,0.44266765332221986,0.000125,83.35632340004668,141.5179350190799,27737.515263739664,6754928640,8269070336
305,30500,1000,100,200,5,10,0.44269121205806733,0.44269121205806733,0.000125,83.41300790011883,141.3274630993452,27558.855304372315,6754928640,8269070336
306,30600,1000,100,200,5,10,0.4444124277830124,0.4444124277830124,0.000125,83.53205220028758,141.13862776830092,27380.89378705038,6754928640,8269070336
307,30700,1000,100,200,5,10,0.44110841369628906,0.44110841369628906,0.000125,83.0202545998618,140.94939060325822,27203.232386428837,6754928640,8269070336
308,30800,1000,100,200,5,10,0.4414958312511444,0.4414958312511444,0.000125,82.89651290001348,140.76095031688365,27026.102460841663,6754928640,8269070336
309,30900,1000,100,200,5,10,0.442868669629097,0.442868669629097,0.000125,83.12716650031507,140.57447540097112,26849.724801585486,6754928640,8269070336
310,31000,1000,100,200,5,10,0.4431462630033493,0.4431462630033493,0.000125,83.38231140002608,140.3900257967743,26674.104901387116,6754928640,8269070336
311,31100,1000,100,200,5,10,0.442577069401741,0.442577069401741,0.000125,83.83007360016927,140.20924258649566,26499.54684884768,6754928640,8269070336
312,31200,1000,100,200,5,10,0.44085089802742006,0.44085089802742006,0.000125,84.30324220005423,140.0301146884628,26325.661561431003,6754928640,8269070336
313,31300,1000,100,200,5,10,0.4395923093557358,0.4395923093557358,0.000125,84.17664530035108,139.85171841309904,26152.27134324952,6754928640,8269070336
314,31400,1000,100,200,5,10,0.4414441487789154,0.4414441487789154,0.000125,84.3033195999451,139.6748631582803,25979.524547440134,6754928640,8269070336
315,31500,1000,100,200,5,10,0.4409309114217758,0.4409309114217758,0.000125,83.93873400008306,139.4979807419052,25807.12643725246,6754928640,8269070336
316,31600,1000,100,200,5,10,0.44118408298492434,0.44118408298492434,0.000125,84.2023672000505,139.32305131076035,25635.441441179904,6754928640,8269070336
317,31700,1000,100,200,5,10,0.4410445047616959,0.4410445047616959,0.000125,84.13432219997048,139.14901147728744,25464.2691003436,6754928640,8269070336
318,31800,1000,100,200,5,10,0.4399010010957718,0.4399010010957718,0.000125,83.75560809997842,138.97488250377378,25293.42861568683,6754928640,8269070336
319,31900,1000,100,200,5,10,0.44073896515369415,0.44073896515369415,0.000125,83.7666675997898,138.8018617739822,25123.13698109078,6754928640,8269070336
320,32000,1000,100,200,5,10,0.44011531138420107,0.44011531138420107,0.000125,83.73827199963853,138.62984696968778,24953.372454543798,6754928640,8269070336
321,32100,1000,100,200,5,10,0.440361904501915,0.440361904501915,0.000125,83.86908120010048,138.46034770218128,24784.40223869045,6754928640,8269070336
322,32200,1000,100,200,5,10,0.4395055809020996,0.4395055809020996,0.000125,83.83081219997257,138.29075437360328,24615.754278501383,6754928640,8269070336
323,32300,1000,100,200,5,10,0.43843701255321504,0.43843701255321504,0.000125,83.75931639969349,138.12203991733745,24447.601065368726,6754928640,8269070336
324,32400,1000,100,200,5,10,0.4415804268121719,0.4415804268121719,0.000125,83.83866409957409,137.95454722222223,24280.000311111115,6754928640,8269070336
325,32500,1000,100,200,5,10,0.44151436853408815,0.44151436853408815,0.000125,83.87602740013972,137.78821600153898,24112.937800269323,6754928640,8269070336
326,32600,1000,100,200,5,10,0.43921954441070554,0.43921954441070554,0.000125,83.80815149983391,137.62267676963287,23946.34575791612,6754928640,8269070336
327,32700,1000,100,200,5,10,0.4395302633047104,0.4395302633047104,0.000125,83.88706350000575,137.45839674250772,23780.302636453835,6754928640,8269070336
328,32800,1000,100,200,5,10,0.4384856919050217,0.4384856919050217,0.000125,83.60372360004112,137.29425211250071,23614.611363350123,6754928640,8269070336
329,32900,1000,100,200,5,10,0.4404679560661316,0.4404679560661316,0.000125,83.59435519995168,137.1310704079029,23449.413039751398,6754928640,8269070336
330,33000,1000,100,200,5,10,0.4403401883840561,0.4403401883840561,0.000125,83.5772500000894,136.96883351696994,23284.701697884888,6754928640,8269070336
331,33100,1000,100,200,5,10,0.4397822287082672,0.4397822287082672,0.000125,83.87107999995351,136.80931389637522,23120.774048487412,6754928640,8269070336
332,33200,1000,100,200,5,10,0.43865742403268815,0.43865742403268815,0.000125,83.76934459991753,136.64961216265073,22957.134843325322,6754928640,8269070336
333,33300,1000,100,200,5,10,0.43926416838169097,0.43926416838169097,0.000125,83.64764979993924,136.49050044054138,22793.91357357041,6754928640,8269070336
334,33400,1000,100,200,5,10,0.4399141219854355,0.4399141219854355,0.000125,83.39195710001513,136.33156946916162,22631.04053188083,6754928640,8269070336
335,33500,1000,100,200,5,10,0.43796543169021607,0.43796543169021607,0.000125,83.393557399977,136.17358916209065,22468.64221174496,6754928640,8269070336
336,33600,1000,100,200,5,10,0.43838992083072664,0.43838992083072664,0.000125,83.55096350004897,136.0170240193464,22306.79193917281,6754928640,8269070336
337,33700,1000,100,200,5,10,0.43919866597652435,0.43919866597652435,0.000125,83.51942680031061,135.86129735519376,22145.39146889658,6754928640,8269070336
338,33800,1000,100,200,5,10,0.43928156661987305,0.43928156661987305,0.000125,83.40411120001227,135.7061503961539,21984.396364176933,6754928640,8269070336
339,33900,1000,100,200,5,10,0.43854511201381685,0.43854511201381685,0.000125,83.22310830000788,135.55139025191812,21823.773830558817,6754928640,8269070336
340,34000,1000,100,200,5,10,0.4387104985713959,0.4387104985713959,0.000125,83.40729770017788,135.39807784529404,21663.692455247045,6754928640,8269070336
341,34100,1000,100,200,5,10,0.43828946733474733,0.43828946733474733,0.000125,83.37016920000315,135.2464308656897,21504.182507644662,6754928640,8269070336
342,34200,1000,100,200,5,10,0.4376959217786789,0.4376959217786789,0.000125,83.74837319971994,135.095899975732,21345.152196165658,6754928640,8269070336
343,34300,1000,100,200,5,10,0.4373840926885605,0.4373840926885605,0.000125,83.53807829972357,134.94563748892233,21186.465085760807,6754928640,8269070336
344,34400,1000,100,200,5,10,0.4366905930042267,0.4366905930042267,0.000125,83.42563230032101,134.79591370668658,21028.162538243105,6754928640,8269070336
345,34500,1000,100,200,5,10,0.43616333925724027,0.43616333925724027,0.000125,83.4924634997733,134.64727743130473,20870.328001852235,6754928640,8269070336
346,34600,1000,100,200,5,10,0.4392315570116043,0.4392315570116043,0.000125,83.34124459978193,134.49903895838236,20712.851999590883,6754928640,8269070336
347,34700,1000,100,200,5,10,0.4364096542596817,0.4364096542596817,0.000125,83.45998309971765,134.3520046645542,20555.85671367679,6754928640,8269070336
348,34800,1000,100,200,5,10,0.438128861784935,0.438128861784935,0.000125,83.43663170002401,134.2057372405175,20399.27206055866,6754928640,8269070336
349,34900,1000,100,200,5,10,0.4381308298110962,0.4381308298110962,0.000125,83.66921869991347,134.0609756223497,20243.207318974804,6754928640,8269070336
350,35000,1000,100,200,5,10,0.43697232961654664,0.43697232961654664,0.000125,83.29075579997152,133.91596640857202,20087.3949612858,6754928640,8269070336
351,35100,1000,100,200,5,10,0.4379264432191849,0.4379264432191849,0.000125,83.2671976997517,133.7725394527067,19932.108378453297,6754928640,8269070336
352,35200,1000,100,200,5,10,0.43640557646751404,0.43640557646751404,0.000125,83.63170279981568,133.63014941193185,19777.262112965913,6754928640,8269070336
353,35300,1000,100,200,5,10,0.43705514931678774,0.43705514931678774,0.000125,83.43234319984913,133.48801229291837,19622.737807059002,6754928640,8269070336
354,35400,1000,100,200,5,10,0.43803280746936796,0.43803280746936796,0.000125,83.49099339963868,133.34682843700645,19468.636951802942,6754928640,8269070336
355,35500,1000,100,200,5,10,0.43739450895786286,0.43739450895786286,0.000125,83.45852419966832,133.20634083943705,19314.919421718372,6754928640,8269070336
356,35600,1000,100,200,5,10,0.4361552075147629,0.4361552075147629,0.000125,83.15291520021856,133.06579192191117,19161.474036755208,6754928640,8269070336
357,35700,1000,100,200,5,10,0.436230219244957,0.436230219244957,0.000125,83.87036020029336,132.92803364565873,19008.708811329197,6754928640,8269070336
358,35800,1000,100,200,5,10,0.43511960315704346,0.43511960315704346,0.000125,83.50297439983115,132.79002059804532,18856.182924922436,6754928640,8269070336
359,35900,1000,100,200,5,10,0.4369859900474548,0.4369859900474548,0.000125,83.4853678997606,132.65273093649066,18704.035062045183,6754928640,8269070336
360,36000,1000,100,200,5,10,0.433217427611351,0.433217427611351,0.000125,83.68193760002032,132.5167574197222,18552.34603876111,6754928640,8269070336
361,36100,1000,100,200,5,10,0.43479736816883086,0.43479736816883086,0.000125,82.95607049996033,132.3804458260389,18400.88196981941,6754928640,8269070336
362,36200,1000,100,200,5,10,0.4370388550758362,0.4370388550758362,0.000125,83.3282866999507,132.2449880870167,18249.808356008307,6754928640,8269070336
363,36300,1000,100,200,5,10,0.43642538285255433,0.43642538285255433,0.000125,83.34665449988097,132.1103278724528,18099.114918526036,6754928640,8269070336
364,36400,1000,100,200,5,10,0.4382154059410095,0.4382154059410095,0.000125,83.38609829964116,131.97651780247278,17948.806421136298,6754928640,8269070336
365,36500,1000,100,200,5,10,0.43660847210884096,0.43660847210884096,0.000125,83.32477709976956,131.843268230412,17798.84121110562,6754928640,8269070336
366,36600,1000,100,200,5,10,0.4366747132539749,0.4366747132539749,0.000125,83.23932039970532,131.71052365847024,17649.210170235012,6754928640,8269070336
367,36700,1000,100,200,5,10,0.43678708052635196,0.43678708052635196,0.000125,83.64772030012682,131.5796149354225,17500.088786411194,6754928640,8269070336
368,36800,1000,100,200,5,10,0.4387764624357223,0.4387764624357223,0.000125,83.11142579978332,131.4479651432067,17351.131398903282,6754928640,8269070336
369,36900,1000,100,200,5,10,0.43564565217494966,0.43564565217494966,0.000125,83.07249830011278,131.31691544579954,17202.51592339974,6754928640,8269070336
370,37000,1000,100,200,5,10,0.4359848688840866,0.4359848688840866,0.000125,83.6409617997706,131.18810137621682,17054.45317890819,6754928640,8269070336
371,37100,1000,100,200,5,10,0.4375961711406708,0.4375961711406708,0.000125,83.372707599774,131.06014449029755,16906.758639248383,6754928640,8269070336
372,37200,1000,100,200,5,10,0.43727438247203826,0.43727438247203826,0.000125,83.1693682000041,130.93144722365628,16759.225244628004,6754928640,8269070336
373,37300,1000,100,200,5,10,0.4373516916036606,0.4373516916036606,0.000125,83.09100199956447,130.80324269758773,16612.011822593642,6754928640,8269070336
374,37400,1000,100,200,5,10,0.43561071062088014,0.43561071062088014,0.000125,83.06754339998588,130.67565465267413,16465.13248623694,6754928640,8269070336
375,37500,1000,100,200,5,10,0.43414927160739897,0.43414927160739897,0.000125,83.58367519965395,130.55012113493433,16318.765141866792,6754928640,8269070336
376,37600,1000,100,200,5,10,0.43631060791015625,0.43631060791015625,0.000125,83.50280780019239,130.42504219308574,16172.705231942633,6754928640,8269070336
377,37700,1000,100,200,5,10,0.43583516144752504,0.43583516144752504,0.000125,82.81220920011401,130.2987924960222,16026.75147701073,6754928640,8269070336
378,37800,1000,100,200,5,10,0.4362871618270874,0.4362871618270874,0.000125,83.33955779997632,130.17463164973546,15881.305061267725,6754928640,8269070336
379,37900,1000,100,200,5,10,0.43595903980731965,0.43595903980731965,0.000125,83.01546890009195,130.05025829314096,15736.081253470056,6754928640,8269070336
380,38000,1000,100,200,5,10,0.4347138177156448,0.4347138177156448,0.000125,83.33000329975039,129.92735328605326,15591.282394326392,6754928640,8269070336
381,38100,1000,100,200,5,10,0.4360636171102524,0.4360636171102524,0.000125,83.4441506001167,129.8061954669295,15446.93726056461,6754928640,8269070336
382,38200,1000,100,200,5,10,0.43520175385475157,0.43520175385475157,0.000125,83.3483816999942,129.68462012853493,15302.785175167122,6754928640,8269070336
383,38300,1000,100,200,5,10,0.4355364527702332,0.4355364527702332,0.000125,83.1280324999243,129.56310651253293,15158.883461966352,6754928640,8269070336
384,38400,1000,100,200,5,10,0.4351305295228958,0.4351305295228958,0.000125,83.1762220999226,129.4423677138026,15015.314654801103,6754928640,8269070336
385,38500,1000,100,200,5,10,0.43354785490036013,0.43354785490036013,0.000125,82.85574949998409,129.3214167140267,14871.96292211307,6754928640,8269070336
386,38600,1000,100,200,5,10,0.4369620736837387,0.4369620736837387,0.000125,83.23911939980462,129.20207660414587,14729.03673287263,6754928640,8269070336
387,38700,1000,100,200,5,10,0.43690446281433104,0.43690446281433104,0.000125,83.28387730009854,129.08348209302372,14586.43347651168,6754928640,8269070336
388,38800,1000,100,200,5,10,0.4344674036502838,0.4344674036502838,0.000125,83.33403450017795,128.96561573505204,14444.148962325828,6754928640,8269070336
389,38900,1000,100,200,5,10,0.43438996422290804,0.43438996422290804,0.000125,83.10903079994023,128.8477939766075,14302.105131403434,6754928640,8269070336
390,39000,1000,100,200,5,10,0.4339197404384613,0.4339197404384613,0.000125,83.40685810009018,128.73132893615403,14160.446182976943,6754928640,8269070336
391,39100,1000,100,200,5,10,0.43594315910339354,0.43594315910339354,0.000125,83.12409939989448,128.61559925652216,14019.100318960915,6754928640,8269070336
392,39200,1000,100,200,5,10,0.43582843041419983,0.43582843041419983,0.000125,83.29016300011426,128.50001908469426,13878.00206114698,6754928640,8269070336
393,39300,1000,100,200,5,10,0.4351757324934006,0.4351757324934006,0.000125,83.33731870027259,128.38514575801563,13737.210596107672,6754928640,8269070336
394,39400,1000,100,200,5,10,0.43398407864570615,0.43398407864570615,0.000125,83.17815549997613,128.27046011751375,13596.668772456458,6754928640,8269070336
395,39500,1000,100,200,5,10,0.4344976543188095,0.4344976543188095,0.000125,83.30768179986626,128.15667300025308,13456.450665026574,6754928640,8269070336
396,39600,1000,100,200,5,10,0.4353287645578384,0.4353287645578384,0.000125,83.33456629980356,128.0435347492428,13316.527613921253,6754928640,8269070336
397,39700,1000,100,200,5,10,0.43330127561092374,0.43330127561092374,0.000125,83.28357130009681,127.93083323753189,13176.875823465783,6754928640,8269070336
398,39800,1000,100,200,5,10,0.4339259556531906,0.4339259556531906,0.000125,83.62408949993551,127.81955107286498,13037.594209432229,6754928640,8269070336
399,39900,1000,100,200,5,10,0.43458346021175387,0.43458346021175387,0.000125,83.56841289997101,127.70869462982516,12898.57815761234,6754928640,8269070336
400,40000,1000,100,200,5,10,0.434471734046936,0.434471734046936,6.25e-05,83.48322479985654,127.59817037325003,12759.817037325003,6754928640,8269070336
401,40100,1000,100,200,5,10,0.4327378879785538,0.4327378879785538,6.25e-05,83.65421279985458,127.4893896149627,12621.449571881307,6754928640,8269070336
402,40200,1000,100,200,5,10,0.4321431106328964,0.4321431106328964,6.25e-05,83.27754239970818,127.37945874626934,12483.186957134394,6754928640,8269070336
403,40300,1000,100,200,5,10,0.43163793194293976,0.43163793194293976,6.25e-05,83.32856100006029,127.27019638759396,12345.209049596613,6754928640,8269070336
404,40400,1000,100,200,5,10,0.4312148241996765,0.4312148241996765,6.25e-05,83.62963220011443,127.16223062104015,12207.574139619854,6754928640,8269070336
405,40500,1000,100,200,5,10,0.43083293867111205,0.43083293867111205,6.25e-05,83.51438469998538,127.05451931481561,12070.179334907483,6754928640,8269070336
406,40600,1000,100,200,5,10,0.4300437231063843,0.4300437231063843,6.25e-05,83.45129100000486,126.94716727931117,11933.03372425525,6754928640,8269070336
407,40700,1000,100,200,5,10,0.4293662393093109,0.4293662393093109,6.25e-05,82.98043770017102,126.83918158697875,11796.043887589025,6754928640,8269070336
408,40800,1000,100,200,5,10,0.43253669238090514,0.43253669238090514,6.25e-05,83.7030558004044,126.7335010926472,11659.482100523543,6754928640,8269070336
409,40900,1000,100,200,5,10,0.4296011040210724,0.4296011040210724,6.25e-05,83.63382350001484,126.62815992567292,11523.162553236236,6754928640,8269070336
410,41000,1000,100,200,5,10,0.43131763172149656,0.43131763172149656,6.25e-05,83.28151440015063,126.52248142804928,11387.023328524434,6754928640,8269070336
411,41100,1000,100,200,5,10,0.43120370399951935,0.43120370399951935,6.25e-05,83.33543009962887,126.41818576691097,11251.218533255076,6754928640,8269070336
412,41200,1000,100,200,5,10,0.43027871429920195,0.43027871429920195,6.25e-05,83.38031810009852,126.31378740388381,11115.613291541775,6754928640,8269070336
413,41300,1000,100,200,5,10,0.43109127604961395,0.43109127604961395,6.25e-05,83.63365540001541,126.21049041041233,10980.312665705873,6754928640,8269070336
414,41400,1000,100,200,5,10,0.42960623729228975,0.42960623729228975,6.25e-05,83.71143890032545,126.10788205459012,10845.27785669475,6754928640,8269070336
415,41500,1000,100,200,5,10,0.4302059506177902,0.4302059506177902,6.25e-05,83.4166389000602,126.00505756674761,10710.429893173547,6754928640,8269070336
416,41600,1000,100,200,5,10,0.431235400557518,0.431235400557518,6.25e-05,83.24371400009841,125.9023031550482,10575.79346502405,6754928640,8269070336
417,41700,1000,100,200,5,10,0.4306637953519821,0.4306637953519821,6.25e-05,83.12308749975637,125.7997545223031,10441.379625351157,6754928640,8269070336
418,41800,1000,100,200,5,10,0.42946910750865935,0.42946910750865935,6.25e-05,83.45428869966418,125.69849558301497,10307.276637807228,6754928640,8269070336
419,41900,1000,100,200,5,10,0.42934278678894044,0.42934278678894044,6.25e-05,83.6181632000953,125.59812426658765,10173.448065593599,6754928640,8269070336
420,42000,1000,100,200,5,10,0.42847550761699676,0.42847550761699676,6.25e-05,83.68493320001289,125.49838184071483,10039.870547257186,6754928640,8269070336
421,42100,1000,100,200,5,10,0.4299639471769333,0.4299639471769333,6.25e-05,83.69178500026464,125.399914811164,9906.593270081956,6754928640,8269070336
422,42200,1000,100,200,5,10,0.42644966530799866,0.42644966530799866,6.25e-05,83.51181659987196,125.30070470734631,9773.454967173013,6754928640,8269070336
423,42300,1000,100,200,5,10,0.42789123523235323,0.42789123523235323,6.25e-05,83.42426209989935,125.20174310378286,9640.53421899128,6754928640,8269070336
424,42400,1000,100,200,5,10,0.43011239016056063,0.43011239016056063,6.25e-05,83.46425439976156,125.1033492985858,9507.85454669252,6754928640,8269070336
425,42500,1000,100,200,5,10,0.4289857258796692,0.4289857258796692,6.25e-05,83.52322799991816,125.00555614094195,9375.416710570646,6754928640,8269070336
426,42600,1000,100,200,5,10,0.43092119884490965,0.43092119884490965,6.25e-05,83.31578080030158,124.90773395633876,9243.172312769068,6754928640,8269070336
427,42700,1000,100,200,5,10,0.42920780956745147,0.42920780956745147,6.25e-05,83.48103539971635,124.81077513793937,9111.186585069574,6754928640,8269070336
428,42800,1000,100,200,5,10,0.4293080637454987,0.4293080637454987,6.25e-05,83.58602449996397,124.71451314649583,8979.4449465477,6754928640,8269070336
429,42900,1000,100,200,5,10,0.42986076140403745,0.42986076140403745,6.25e-05,83.70058920001611,124.618958330304,8847.946041451583,6754928640,8269070336
430,43000,1000,100,200,5,10,0.4311203362941742,0.4311203362941742,6.25e-05,83.34291209978983,124.52300701720944,8716.610491204661,6754928640,8269070336
431,43100,1000,100,200,5,10,0.42797446858882904,0.42797446858882904,6.25e-05,83.2933659995906,124.42809851345739,8585.53879742856,6754928640,8269070336
432,43200,1000,100,200,5,10,0.42895064759254453,0.42895064759254453,6.25e-05,83.34102339996025,124.33303964791682,8454.646696058344,6754928640,8269070336
433,43300,1000,100,200,5,10,0.4304155557155609,0.4304155557155609,6.25e-05,83.30567040015012,124.23833648383393,8323.968544416874,6754928640,8269070336
434,43400,1000,100,200,5,10,0.4303308616876602,0.4303308616876602,6.25e-05,83.3633194998838,124.14420631382515,8193.51761671246,6754928640,8269070336
435,43500,1000,100,200,5,10,0.4301335564851761,0.4301335564851761,6.25e-05,83.24746529990807,124.05024148505824,8063.265696528785,6754928640,8269070336
436,43600,1000,100,200,5,10,0.4287738938331604,0.4287738938331604,6.25e-05,83.52393960021436,123.95733733922073,7933.269589710127,6754928640,8269070336
437,43700,1000,100,200,5,10,0.42749090409278867,0.42749090409278867,6.25e-05,83.05171839985996,123.86377575492072,7803.417872560006,6754928640,8269070336
438,43800,1000,100,200,5,10,0.429334445476532,0.429334445476532,6.25e-05,83.4149329001084,123.77146475456685,7673.830814783145,6754928640,8269070336
439,43900,1000,100,200,5,10,0.4291657149791718,0.4291657149791718,6.25e-05,83.63438010029495,123.68007058656089,7544.4843057802145,6754928640,8269070336
440,44000,1000,100,200,5,10,0.429218323469162,0.429218323469162,6.25e-05,83.18864230019972,123.58808873454637,7415.285324072783,6754928640,8269070336
441,44100,1000,100,200,5,10,0.429282860994339,0.429282860994339,6.25e-05,83.29733400000259,123.49749087981876,7286.351961909307,6754928640,8269070336
442,44200,1000,100,200,5,10,0.4281925917863846,0.4281925917863846,6.25e-05,83.26120809977874,123.40651523574715,7157.577883673334,6754928640,8269070336
443,44300,1000,100,200,5,10,0.4290918630361557,0.4290918630361557,6.25e-05,83.5544384997338,123.31660680541806,7029.04658790883,6754928640,8269070336
444,44400,1000,100,200,5,10,0.4283535910844803,0.4283535910844803,6.25e-05,83.19661389989778,123.22628654572098,6900.672046560375,6754928640,8269070336
445,44500,1000,100,200,5,10,0.4285842796564102,0.4285842796564102,6.25e-05,83.41883750027046,123.13688257842774,6772.528541813526,6754928640,8269070336
446,44600,1000,100,200,5,10,0.42828183102607725,0.42828183102607725,6.25e-05,83.19319170014933,123.04736883632292,6644.557917161437,6754928640,8269070336
447,44700,1000,100,200,5,10,0.4268812063932419,0.4268812063932419,6.25e-05,83.18871069978923,122.9582471170023,6516.787097201122,6754928640,8269070336
448,44800,1000,100,200,5,10,0.43019696164131166,0.43019696164131166,6.25e-05,83.52318540029228,122.87027885245541,6389.254500327682,6754928640,8269070336
449,44900,1000,100,200,5,10,0.43008070373535157,0.43008070373535157,6.25e-05,83.05965630011633,122.78166530356391,6261.864930481759,6754928640,8269070336
450,45000,1000,100,200,5,10,0.42737977516651154,0.42737977516651154,6.25e-05,83.53599910018966,122.69450537022307,6134.725268511153,6754928640,8269070336
451,45100,1000,100,200,5,10,0.42753849959373474,0.42753849959373474,6.25e-05,83.24355109967291,122.60782728514462,6007.783536972087,6754928640,8269070336
452,45200,1000,100,200,5,10,0.427065309882164,0.427065309882164,6.25e-05,83.20061780000106,122.52068673362915,5880.992963214199,6754928640,8269070336
453,45300,1000,100,200,5,10,0.42885769927501677,0.42885769927501677,6.25e-05,83.43815009994432,122.4344516476826,5754.419227441082,6754928640,8269070336
454,45400,1000,100,200,5,10,0.428802428483963,0.428802428483963,6.25e-05,83.10533769987524,122.34787618964788,5628.002304723803,6754928640,8269070336
455,45500,1000,100,200,5,10,0.4278172665834427,0.4278172665834427,6.25e-05,83.57840120000765,122.26272856263792,5501.822785318706,6754928640,8269070336
456,45600,1000,100,200,5,10,0.4269086776971817,0.4269086776971817,6.25e-05,83.54450669977814,122.17786737302677,5375.826164413178,6754928640,8269070336
457,45700,1000,100,200,5,10,0.4275125958919525,0.4275125958919525,6.25e-05,83.46814020024613,122.09320153260433,5250.007665901986,6754928640,8269070336
458,45800,1000,100,200,5,10,0.42826105368137357,0.42826105368137357,6.25e-05,83.42988249985501,122.00883502314501,5124.371070972091,6754928640,8269070336
459,45900,1000,100,200,5,10,0.4263298010826111,0.4263298010826111,6.25e-05,83.50082920026034,121.92498299716779,4998.924302883879,6754928640,8269070336
460,46000,1000,100,200,5,10,0.4268790123462677,0.4268790123462677,6.25e-05,83.52820540033281,121.84155616086969,4873.662246434787,6754928640,8269070336
461,46100,1000,100,200,5,10,0.42768223643302916,0.42768223643302916,6.25e-05,83.01001509977505,121.75807821171443,4748.565050256863,6754928640,8269070336
462,46200,1000,100,200,5,10,0.42778684103488923,0.42778684103488923,6.25e-05,83.11211899993941,121.67447420476242,4623.630019780972,6754928640,8269070336
463,46300,1000,100,200,5,10,0.4284627847671509,0.4284627847671509,6.25e-05,83.71949209971353,121.59256320345652,4498.924838527892,6754928640,8269070336
464,46400,1000,100,200,5,10,0.4286474716067314,0.4286474716067314,6.25e-05,83.31232149992138,121.51010047607846,4374.363617138824,6754928640,8269070336
465,46500,1000,100,200,5,10,0.4281180331707001,0.4281180331707001,6.25e-05,83.52913470007479,121.42845768731247,4249.996019055937,6754928640,8269070336
466,46600,1000,100,200,5,10,0.42779335725307466,0.42779335725307466,6.25e-05,83.38576309988275,121.34686177854162,4125.7933004704155,6754928640,8269070336
467,46700,1000,100,200,5,10,0.427529833316803,0.427529833316803,6.25e-05,83.35929370019585,121.26555989443263,4001.7634765162766,6754928640,8269070336
468,46800,1000,100,200,5,10,0.42691998374462126,0.42691998374462126,6.25e-05,83.29004740016535,121.18446291730795,3877.9028133538545,6754928640,8269070336
469,46900,1000,100,200,5,10,0.42610419178009035,0.42610419178009035,6.25e-05,83.75181599985808,121.10471651983012,3754.2462121147337,6754928640,8269070336
470,47000,1000,100,200,5,10,0.4293281745910644,0.4293281745910644,6.25e-05,83.57562790019438,121.0249143814896,3630.7474314446877,6754928640,8269070336
471,47100,1000,100,200,5,10,0.4266254823207855,0.4266254823207855,6.25e-05,83.0971257998608,120.9452216569008,3507.411428050123,6754928640,8269070336
472,47200,1000,100,200,5,10,0.42824315202236174,0.42824315202236174,6.25e-05,83.1406302000396,120.8651723213991,3384.224824999175,6754928640,8269070336
473,47300,1000,100,200,5,10,0.4280965325832367,0.4280965325832367,6.25e-05,83.13143000006676,120.78543859386883,3261.2068420344585,6754928640,8269070336
474,47400,1000,100,200,5,10,0.4272577496767044,0.4272577496767044,6.25e-05,83.34829319966957,120.70650184767926,3138.369048039661,6754928640,8269070336
475,47500,1000,100,200,5,10,0.4283764613866806,0.4283764613866806,6.25e-05,83.11401350004598,120.62740003431608,3015.685000857902,6754928640,8269070336
476,47600,1000,100,200,5,10,0.4268192739486694,0.4268192739486694,6.25e-05,83.25495499977842,120.54893599327814,2893.1744638386754,6754928640,8269070336
477,47700,1000,100,200,5,10,0.42720259857177734,0.42720259857177734,6.25e-05,83.19293050002307,120.47066663878441,2770.8253326920412,6754928640,8269070336
478,47800,1000,100,200,5,10,0.4284124265909195,0.4284124265909195,6.25e-05,83.3188919997774,120.39298762405919,2648.645727729302,6754928640,8269070336
479,47900,1000,100,200,5,10,0.4278659038543701,0.4278659038543701,6.25e-05,83.15871870005503,120.31530274112761,2526.62135756368,6754928640,8269070336
480,48000,1000,100,200,5,10,0.4267227689027786,0.4267227689027786,6.25e-05,83.49031699961051,120.23863388416746,2404.7726776833492,6754928640,8269070336
481,48100,1000,100,200,5,10,0.4266200966835022,0.4266200966835022,6.25e-05,82.82911980012432,120.16155433472005,2283.069532359681,6754928640,8269070336
482,48200,1000,100,200,5,10,0.4258918480873108,0.4258918480873108,6.25e-05,83.05583399999887,120.08462115124551,2161.523180722419,6754928640,8269070336
483,48300,1000,100,200,5,10,0.42745437180995943,0.42745437180995943,6.25e-05,83.35238409973681,120.00861067080766,2040.1463814037302,6754928640,8269070336
484,48400,1000,100,200,5,10,0.42401510393619535,0.42401510393619535,6.25e-05,83.12712460011244,119.93244887624044,1918.919182019847,6754928640,8269070336
485,48500,1000,100,200,5,10,0.42552458477020266,0.42552458477020266,6.25e-05,83.11553429998457,119.85658206886602,1797.8487310329904,6754928640,8269070336
486,48600,1000,100,200,5,10,0.42756100809574127,0.42756100809574127,6.25e-05,83.37805490009487,119.7815693831282,1676.941971363795,6754928640,8269070336
487,48700,1000,100,200,5,10,0.4262984338998795,0.4262984338998795,6.25e-05,83.27113940007985,119.70665008665371,1556.1864511264982,6754928640,8269070336
488,48800,1000,100,200,5,10,0.42811921739578246,0.42811921739578246,6.25e-05,83.11768750008196,119.63171136024653,1435.5805363229583,6754928640,8269070336
489,48900,1000,100,200,5,10,0.42669747352600096,0.42669747352600096,6.25e-05,83.24804069986567,119.55736085971444,1315.1309694568588,6754928640,8269070336
490,49000,1000,100,200,5,10,0.42657264816761015,0.42657264816761015,6.25e-05,82.81858550012112,119.4824291767353,1194.8242917673529,6754928640,8269070336
491,49100,1000,100,200,5,10,0.4271563460826874,0.4271563460826874,6.25e-05,83.06960129970685,119.4089358981676,1074.6804230835085,6754928640,8269070336
492,49200,1000,100,200,5,10,0.4284918193817139,0.4284918193817139,6.25e-05,83.32192610017955,119.3356421040655,954.685136832524,6754928640,8269070336
493,49300,1000,100,200,5,10,0.42535635685920714,0.42535635685920714,6.25e-05,82.85927350027487,119.26169346916842,834.8318542841789,6754928640,8269070336
494,49400,1000,100,200,5,10,0.4262767164707184,0.4262767164707184,6.25e-05,82.99330319976434,119.1883163595146,715.1298981570876,6754928640,8269070336
495,49500,1000,100,200,5,10,0.42779345309734346,0.42779345309734346,6.25e-05,83.12583300005645,119.11550372040483,595.5775186020242,6754928640,8269070336
496,49600,1000,100,200,5,10,0.42771087849140166,0.42771087849140166,6.25e-05,82.98134730011225,119.04270843225869,476.17083372903477,6754928640,8269070336
497,49700,1000,100,200,5,10,0.42753626799583433,0.42753626799583433,6.25e-05,83.04670229973271,118.97031887907487,356.9109566372246,6754928640,8269070336
498,49800,1000,100,200,5,10,0.4261929734945297,0.4261929734945297,6.25e-05,82.7427656003274,118.89761230180761,237.79522460361522,6754928640,8269070336
499,49900,1000,100,200,5,10,0.4248586045503616,0.4248586045503616,6.25e-05,83.27139919996262,118.82625822905817,118.82625822905817,6754928640,8269070336
500,50000,1000,100,200,5,10,0.4267805370092392,0.4267805370092392,3.125e-05,83.37128550000489,118.7554095576005,0.0,6754928640,8269070336
